# Categories

insert into categories (uuid, name) values ('17431cb0-0af5-4efe-a20f-2d1ba7d8637d', 'Guitars');
insert into categories (uuid, name) values ('633b13a7-c884-486b-ac2a-202f8d566aad', 'Amplifiers');
insert into categories (uuid, name) values ('1e74b0da-8d15-43f9-82f5-9f31d92c4c56', 'Pianos');


# Brands
insert into brands (uuid, name) values ('16b29f8e-1e1e-40f9-a4f6-9f5a1df5fb56', 'Gibson');
insert into brands (uuid, name) values ('af16624e-c966-4b32-98fd-2fd2ffa2c9a1', 'Fender');
insert into brands (uuid, name) values ('9cab663c-0724-413b-b5d6-e2f386bc0e04', 'Marshal');
insert into brands (uuid, name) values ('02d6f963-11f3-45f4-8d05-86a426f5ba77', 'Ibanez');
insert into brands (uuid, name) values ('88be1a1e-1dd7-4d60-89f8-61504cc7e276', 'Yamaha');
insert into brands (uuid, name) values ('ad89b252-24ad-4c80-9851-b6de28796f2b', 'Paul Reed Smith');
insert into brands (uuid, name) values ('5c7c6957-e12f-4a58-9887-dd81e6ce9d02', 'Boss');
insert into brands (uuid, name) values ('2657a943-73a1-4494-8722-17ee9985b959', 'Taylor');

# Items
insert into items (uuid, name, description, price, brand_id, category_id) values ('63530b9f-0f77-4638-a85b-c2dc54d08510', 'Oven Mitt - 13 Inch', 'well-modulated', 3381, '02d6f963-11f3-45f4-8d05-86a426f5ba77', '1e74b0da-8d15-43f9-82f5-9f31d92c4c56');
insert into items (uuid, name, description, price, brand_id, category_id) values ('30f36554-0a20-48af-b4bd-02eabaf56268', 'Syrup - Monin, Amaretta', 'Organized', 9375, '2657a943-73a1-4494-8722-17ee9985b959', '633b13a7-c884-486b-ac2a-202f8d566aad');
insert into items (uuid, name, description, price, brand_id, category_id) values ('5097b676-4495-4729-8e94-753fdad57655', 'Wine - Vovray Sec Domaine Huet', 'analyzing', 2396, '88be1a1e-1dd7-4d60-89f8-61504cc7e276', '1e74b0da-8d15-43f9-82f5-9f31d92c4c56');
insert into items (uuid, name, description, price, brand_id, category_id) values ('d8f79703-b086-47b8-b59f-0f3215cb715b', 'Wine - Bourgogne 2002, La', 'attitude', 9534, 'ad89b252-24ad-4c80-9851-b6de28796f2b', '633b13a7-c884-486b-ac2a-202f8d566aad');
insert into items (uuid, name, description, price, brand_id, category_id) values ('9e36863c-038d-44f6-a0c9-07409fca8359', 'V8 Pet', 'Triple-buffered', 7371, 'af16624e-c966-4b32-98fd-2fd2ffa2c9a1', '633b13a7-c884-486b-ac2a-202f8d566aad');
insert into items (uuid, name, description, price, brand_id, category_id) values ('04240725-f3f3-4199-8639-7dd3cc0e5a86', 'Soho Lychee Liqueur', 'Focused', 5831, '16b29f8e-1e1e-40f9-a4f6-9f5a1df5fb56', '633b13a7-c884-486b-ac2a-202f8d566aad');
insert into items (uuid, name, description, price, brand_id, category_id) values ('8bbdbc07-2ff8-425a-9ab4-b0b8b191f55e', 'Fish - Bones', 'empowering', 443, 'af16624e-c966-4b32-98fd-2fd2ffa2c9a1', '17431cb0-0af5-4efe-a20f-2d1ba7d8637d');
insert into items (uuid, name, description, price, brand_id, category_id) values ('8d6c07a2-6f12-4d49-80f0-746ab59300de', 'Tomatoes - Diced, Canned', 'Switchable', 2520, '2657a943-73a1-4494-8722-17ee9985b959', '1e74b0da-8d15-43f9-82f5-9f31d92c4c56');
insert into items (uuid, name, description, price, brand_id, category_id) values ('b83113eb-2afe-4865-8b4e-3ec570d62916', 'Pork - Smoked Kassler', 'impactful', 7873, '9cab663c-0724-413b-b5d6-e2f386bc0e04', '1e74b0da-8d15-43f9-82f5-9f31d92c4c56');
insert into items (uuid, name, description, price, brand_id, category_id) values ('de266b0f-8489-452c-8792-1479ebc28385', 'Pork - Ground', 'knowledge base', 5740, '9cab663c-0724-413b-b5d6-e2f386bc0e04', '17431cb0-0af5-4efe-a20f-2d1ba7d8637d');
insert into items (uuid, name, description, price, brand_id, category_id) values ('9f3f6840-e8a5-4e67-9422-6efa73fd717c', 'Sprouts - Bean', 'Re-engineered', 7939, '2657a943-73a1-4494-8722-17ee9985b959', '633b13a7-c884-486b-ac2a-202f8d566aad');
insert into items (uuid, name, description, price, brand_id, category_id) values ('088af245-44e5-4e9a-a6eb-353bd5957aac', 'Coke - Classic, 355 Ml', 'instruction set', 8348, '2657a943-73a1-4494-8722-17ee9985b959', '17431cb0-0af5-4efe-a20f-2d1ba7d8637d');
insert into items (uuid, name, description, price, brand_id, category_id) values ('fedaeb78-54b6-4c32-a376-1d170b4f40b2', 'Chocolate - Semi Sweet, Calets', 'flexibility', 3925, 'ad89b252-24ad-4c80-9851-b6de28796f2b', '1e74b0da-8d15-43f9-82f5-9f31d92c4c56');
insert into items (uuid, name, description, price, brand_id, category_id) values ('b3c24206-60e1-4934-82b3-094bc8b19672', 'Tea Leaves - Oolong', 'tertiary', 6521, '88be1a1e-1dd7-4d60-89f8-61504cc7e276', '1e74b0da-8d15-43f9-82f5-9f31d92c4c56');
insert into items (uuid, name, description, price, brand_id, category_id) values ('a41b9e12-5058-4bc7-8ef3-7bff0b9b2e9e', 'Water - Mineral, Carbonated', 'time-frame', 2534, '02d6f963-11f3-45f4-8d05-86a426f5ba77', '1e74b0da-8d15-43f9-82f5-9f31d92c4c56');
insert into items (uuid, name, description, price, brand_id, category_id) values ('f1c801fd-c52f-41e7-9e7e-de2070d39f09', 'Blueberries - Frozen', 'solution', 8230, '02d6f963-11f3-45f4-8d05-86a426f5ba77', '633b13a7-c884-486b-ac2a-202f8d566aad');
insert into items (uuid, name, description, price, brand_id, category_id) values ('79b38af4-8d66-49e7-bb83-1436edf173fa', 'Oil - Olive, Extra Virgin', 'solution', 6503, '9cab663c-0724-413b-b5d6-e2f386bc0e04', '17431cb0-0af5-4efe-a20f-2d1ba7d8637d');
insert into items (uuid, name, description, price, brand_id, category_id) values ('b4e733be-5d4b-4a81-a3ec-e60965bbe475', 'Orange - Blood', 'circuit', 6212, '16b29f8e-1e1e-40f9-a4f6-9f5a1df5fb56', '17431cb0-0af5-4efe-a20f-2d1ba7d8637d');
insert into items (uuid, name, description, price, brand_id, category_id) values ('05d03745-fb63-4604-955c-3489b2a52d40', 'Squash - Guords', 'analyzer', 5798, '2657a943-73a1-4494-8722-17ee9985b959', '17431cb0-0af5-4efe-a20f-2d1ba7d8637d');
insert into items (uuid, name, description, price, brand_id, category_id) values ('4d2e7700-789b-4017-a47b-b43ed457eb5e', 'Compound - Raspberry', 'Phased', 9008, '88be1a1e-1dd7-4d60-89f8-61504cc7e276', '633b13a7-c884-486b-ac2a-202f8d566aad');
insert into items (uuid, name, description, price, brand_id, category_id) values ('159d6e23-42f4-4bd2-8614-0bde03540458', 'Nori Sea Weed', 'Advanced', 7009, 'ad89b252-24ad-4c80-9851-b6de28796f2b', '633b13a7-c884-486b-ac2a-202f8d566aad');
insert into items (uuid, name, description, price, brand_id, category_id) values ('a2ac91e4-a66d-424b-a83c-08fa3c46a440', 'Sage Derby', '3rd generation', 9962, '16b29f8e-1e1e-40f9-a4f6-9f5a1df5fb56', '1e74b0da-8d15-43f9-82f5-9f31d92c4c56');
insert into items (uuid, name, description, price, brand_id, category_id) values ('2c3a971e-f8e0-43dd-be8d-ea9db5147e32', 'Cleaner - Pine Sol', 'asymmetric', 3232, '2657a943-73a1-4494-8722-17ee9985b959', '633b13a7-c884-486b-ac2a-202f8d566aad');
insert into items (uuid, name, description, price, brand_id, category_id) values ('e91a791b-2ac5-4673-af58-efda235e52ae', 'Wasabi Powder', '3rd generation', 3171, 'ad89b252-24ad-4c80-9851-b6de28796f2b', '633b13a7-c884-486b-ac2a-202f8d566aad');
insert into items (uuid, name, description, price, brand_id, category_id) values ('f2517ef2-7c84-4366-a5a5-c178c8aed7ef', 'Wine - Saint - Bris 2002, Sauv', 'Front-line', 1514, '2657a943-73a1-4494-8722-17ee9985b959', '17431cb0-0af5-4efe-a20f-2d1ba7d8637d');
insert into items (uuid, name, description, price, brand_id, category_id) values ('3b4987cf-5150-4b58-a13d-b0a1c17778af', 'Cocktail Napkin Blue', 'intermediate', 9313, '16b29f8e-1e1e-40f9-a4f6-9f5a1df5fb56', '17431cb0-0af5-4efe-a20f-2d1ba7d8637d');
insert into items (uuid, name, description, price, brand_id, category_id) values ('9be85a21-c9ef-430b-8022-c9a0fe801190', 'Smoked Paprika', 'Phased', 4173, '16b29f8e-1e1e-40f9-a4f6-9f5a1df5fb56', '17431cb0-0af5-4efe-a20f-2d1ba7d8637d');
insert into items (uuid, name, description, price, brand_id, category_id) values ('96b5c373-b44b-49b5-bdfb-c9c51676c879', 'Rhubarb', 'neural-net', 6698, '2657a943-73a1-4494-8722-17ee9985b959', '1e74b0da-8d15-43f9-82f5-9f31d92c4c56');
insert into items (uuid, name, description, price, brand_id, category_id) values ('7b6fb7a8-95d6-40db-be02-e655b563991d', 'Wine - Tribal Sauvignon', 'Enhanced', 9026, '5c7c6957-e12f-4a58-9887-dd81e6ce9d02', '17431cb0-0af5-4efe-a20f-2d1ba7d8637d');
insert into items (uuid, name, description, price, brand_id, category_id) values ('afdff199-3a54-4e10-ac75-1bb59b92860a', 'Flour - So Mix Cake White', 'asynchronous', 406, '16b29f8e-1e1e-40f9-a4f6-9f5a1df5fb56', '633b13a7-c884-486b-ac2a-202f8d566aad');
insert into items (uuid, name, description, price, brand_id, category_id) values ('9b928773-b600-470e-a588-72dc22cba5a4', 'Wine - Valpolicella Masi', 'Reactive', 9691, '9cab663c-0724-413b-b5d6-e2f386bc0e04', '1e74b0da-8d15-43f9-82f5-9f31d92c4c56');
insert into items (uuid, name, description, price, brand_id, category_id) values ('0faffb94-58c9-4c75-aa19-962c5abede8a', 'Icecream - Dstk Cml And Fdg', 'paradigm', 9940, 'ad89b252-24ad-4c80-9851-b6de28796f2b', '1e74b0da-8d15-43f9-82f5-9f31d92c4c56');
insert into items (uuid, name, description, price, brand_id, category_id) values ('a6c7c6b4-a81d-4cef-aa58-76dfef4ebd66', 'Anisette - Mcguiness', 'Function-based', 4090, '16b29f8e-1e1e-40f9-a4f6-9f5a1df5fb56', '1e74b0da-8d15-43f9-82f5-9f31d92c4c56');
insert into items (uuid, name, description, price, brand_id, category_id) values ('d35234f4-e8c4-4425-aeb1-2ead7fbc1709', 'Milk - Skim', 'Right-sized', 5074, '5c7c6957-e12f-4a58-9887-dd81e6ce9d02', '1e74b0da-8d15-43f9-82f5-9f31d92c4c56');
insert into items (uuid, name, description, price, brand_id, category_id) values ('b6af9f16-b753-461c-a6bc-5618caa4c3cc', 'Chip - Potato Dill Pickle', 'success', 8472, '02d6f963-11f3-45f4-8d05-86a426f5ba77', '633b13a7-c884-486b-ac2a-202f8d566aad');
insert into items (uuid, name, description, price, brand_id, category_id) values ('04ac62c7-a020-460c-9960-73e14629a984', 'Nut - Pine Nuts, Whole', 'Cross-platform', 5694, '5c7c6957-e12f-4a58-9887-dd81e6ce9d02', '633b13a7-c884-486b-ac2a-202f8d566aad');
insert into items (uuid, name, description, price, brand_id, category_id) values ('ec766438-8b54-489e-8b85-fcf81615d549', 'Milk - Homo', 'Profound', 1982, 'af16624e-c966-4b32-98fd-2fd2ffa2c9a1', '1e74b0da-8d15-43f9-82f5-9f31d92c4c56');
insert into items (uuid, name, description, price, brand_id, category_id) values ('9028fb61-b91b-4b0d-8c55-822b4204d414', 'Salmon - Sockeye Raw', 'Upgradable', 2546, '2657a943-73a1-4494-8722-17ee9985b959', '633b13a7-c884-486b-ac2a-202f8d566aad');
insert into items (uuid, name, description, price, brand_id, category_id) values ('5cb690cf-36c9-4b2a-9309-615811ca4f9d', 'Marjoram - Fresh', 'Adaptive', 5785, '16b29f8e-1e1e-40f9-a4f6-9f5a1df5fb56', '633b13a7-c884-486b-ac2a-202f8d566aad');
insert into items (uuid, name, description, price, brand_id, category_id) values ('ba6a2dec-b4c2-4ca0-af56-992e7e054f0c', 'Liqueur - Melon', 'Configurable', 587, 'af16624e-c966-4b32-98fd-2fd2ffa2c9a1', '1e74b0da-8d15-43f9-82f5-9f31d92c4c56');
insert into items (uuid, name, description, price, brand_id, category_id) values ('166efcac-b9f9-4cba-b89c-2c7f928fad21', 'Tomato - Peeled Italian Canned', 'Cloned', 6261, 'af16624e-c966-4b32-98fd-2fd2ffa2c9a1', '633b13a7-c884-486b-ac2a-202f8d566aad');
insert into items (uuid, name, description, price, brand_id, category_id) values ('5ba0b8e8-ff34-4ed9-b5d1-414d3fe47418', 'Shrimp - 16 - 20 Cooked, Peeled', '5th generation', 9150, 'ad89b252-24ad-4c80-9851-b6de28796f2b', '17431cb0-0af5-4efe-a20f-2d1ba7d8637d');
insert into items (uuid, name, description, price, brand_id, category_id) values ('554e3cb0-9462-457e-afbd-2454e290d819', 'Macaroons - Two Bite Choc', 'grid-enabled', 8925, '02d6f963-11f3-45f4-8d05-86a426f5ba77', '17431cb0-0af5-4efe-a20f-2d1ba7d8637d');
insert into items (uuid, name, description, price, brand_id, category_id) values ('952f3160-082d-48f1-bfee-cbd3c0465474', 'Artichokes - Knobless, White', 'dedicated', 2080, '2657a943-73a1-4494-8722-17ee9985b959', '1e74b0da-8d15-43f9-82f5-9f31d92c4c56');
insert into items (uuid, name, description, price, brand_id, category_id) values ('d39d1840-9beb-447c-a3e1-7d45e732cb28', 'Bread - Dark Rye, Loaf', 'collaboration', 946, '88be1a1e-1dd7-4d60-89f8-61504cc7e276', '1e74b0da-8d15-43f9-82f5-9f31d92c4c56');
insert into items (uuid, name, description, price, brand_id, category_id) values ('17149702-abd9-42f0-aef3-9cf0f0b8b71e', 'Duck - Fat', 'function', 9350, '16b29f8e-1e1e-40f9-a4f6-9f5a1df5fb56', '1e74b0da-8d15-43f9-82f5-9f31d92c4c56');
insert into items (uuid, name, description, price, brand_id, category_id) values ('e9ef72a2-b2b1-4fae-86e7-ddff282b387f', 'Barley - Pearl', 'analyzing', 8441, 'ad89b252-24ad-4c80-9851-b6de28796f2b', '1e74b0da-8d15-43f9-82f5-9f31d92c4c56');
insert into items (uuid, name, description, price, brand_id, category_id) values ('4f7b5531-4b63-4d4a-9e0e-0a98e5f57cfc', 'Wine - Pinot Grigio Collavini', 'Quality-focused', 3030, '5c7c6957-e12f-4a58-9887-dd81e6ce9d02', '1e74b0da-8d15-43f9-82f5-9f31d92c4c56');
insert into items (uuid, name, description, price, brand_id, category_id) values ('44ad39f1-84d9-4968-ab27-8cc214222623', 'Mousse - Passion Fruit', 'user-facing', 6892, '5c7c6957-e12f-4a58-9887-dd81e6ce9d02', '17431cb0-0af5-4efe-a20f-2d1ba7d8637d');
insert into items (uuid, name, description, price, brand_id, category_id) values ('f42b9f4c-7a66-4480-b260-0da438f9fd34', 'Creme De Cacao Mcguines', 'cohesive', 7660, '2657a943-73a1-4494-8722-17ee9985b959', '1e74b0da-8d15-43f9-82f5-9f31d92c4c56');
insert into items (uuid, name, description, price, brand_id, category_id) values ('9fa5db0c-0337-456f-807b-b8e8c6df5471', 'Bread Ww Cluster', 'Robust', 359, '02d6f963-11f3-45f4-8d05-86a426f5ba77', '1e74b0da-8d15-43f9-82f5-9f31d92c4c56');
insert into items (uuid, name, description, price, brand_id, category_id) values ('33a858fe-d5bf-4b24-8ca5-46aeb0119e48', 'Latex Rubber Gloves Size 9', 'Cross-group', 7521, 'ad89b252-24ad-4c80-9851-b6de28796f2b', '17431cb0-0af5-4efe-a20f-2d1ba7d8637d');
insert into items (uuid, name, description, price, brand_id, category_id) values ('127e4ba5-4fad-4579-98be-d36dfc05b158', 'Spaghetti Squash', 'Open-source', 8160, '2657a943-73a1-4494-8722-17ee9985b959', '1e74b0da-8d15-43f9-82f5-9f31d92c4c56');
insert into items (uuid, name, description, price, brand_id, category_id) values ('b0bcf1fe-a34d-4d48-aa12-cad4f3f12d3a', 'Calaloo', 'initiative', 941, 'ad89b252-24ad-4c80-9851-b6de28796f2b', '633b13a7-c884-486b-ac2a-202f8d566aad');
insert into items (uuid, name, description, price, brand_id, category_id) values ('7af2698b-0f03-4311-ae20-065ffc0b2aaa', 'Oil - Margarine', 'process improvement', 1314, '16b29f8e-1e1e-40f9-a4f6-9f5a1df5fb56', '1e74b0da-8d15-43f9-82f5-9f31d92c4c56');
insert into items (uuid, name, description, price, brand_id, category_id) values ('0ba7a6a2-4eb7-4c7e-9b1b-841e0e017806', 'Juice - Clam, 46 Oz', 'Networked', 4126, '02d6f963-11f3-45f4-8d05-86a426f5ba77', '17431cb0-0af5-4efe-a20f-2d1ba7d8637d');
insert into items (uuid, name, description, price, brand_id, category_id) values ('94a35a77-3bad-463a-b15c-9711db870a05', 'Olives - Stuffed', 'projection', 802, '02d6f963-11f3-45f4-8d05-86a426f5ba77', '633b13a7-c884-486b-ac2a-202f8d566aad');
insert into items (uuid, name, description, price, brand_id, category_id) values ('b0bf39c9-5f90-47fa-807f-7d84d64f51bd', 'Mangostein', 'process improvement', 9679, '9cab663c-0724-413b-b5d6-e2f386bc0e04', '633b13a7-c884-486b-ac2a-202f8d566aad');
insert into items (uuid, name, description, price, brand_id, category_id) values ('fe85301b-dee3-49ed-b271-fa7a020af12d', 'Rosemary - Primerba, Paste', 'transitional', 3667, '02d6f963-11f3-45f4-8d05-86a426f5ba77', '633b13a7-c884-486b-ac2a-202f8d566aad');
insert into items (uuid, name, description, price, brand_id, category_id) values ('f580f8ae-7a91-4194-bc2e-436b78bfc127', 'Tomatoes - Cherry', 'Graphical User Interface', 1639, '02d6f963-11f3-45f4-8d05-86a426f5ba77', '17431cb0-0af5-4efe-a20f-2d1ba7d8637d');
insert into items (uuid, name, description, price, brand_id, category_id) values ('f0ca7c5c-23f6-43ed-b5f3-c51c5a9691b4', 'Curry Paste - Madras', 'zero tolerance', 1411, '9cab663c-0724-413b-b5d6-e2f386bc0e04', '17431cb0-0af5-4efe-a20f-2d1ba7d8637d');
insert into items (uuid, name, description, price, brand_id, category_id) values ('d4e9c9de-a79b-43f5-ad2e-03a4a9f266b1', 'Chocolate - Pistoles, White', 'help-desk', 8475, '5c7c6957-e12f-4a58-9887-dd81e6ce9d02', '17431cb0-0af5-4efe-a20f-2d1ba7d8637d');
insert into items (uuid, name, description, price, brand_id, category_id) values ('2b3b1746-d000-4a6b-adbf-b5783cf70386', 'Icecream - Dstk Strw Chseck', 'explicit', 9781, '5c7c6957-e12f-4a58-9887-dd81e6ce9d02', '633b13a7-c884-486b-ac2a-202f8d566aad');
insert into items (uuid, name, description, price, brand_id, category_id) values ('10357bcf-f3bc-4908-91f2-074592f5e779', 'Fish - Base, Bouillion', 'protocol', 7782, '02d6f963-11f3-45f4-8d05-86a426f5ba77', '1e74b0da-8d15-43f9-82f5-9f31d92c4c56');
insert into items (uuid, name, description, price, brand_id, category_id) values ('1fa602b4-3647-471f-a4b8-1a29355bc86e', 'Grapefruit - White', 'Fully-configurable', 3639, '5c7c6957-e12f-4a58-9887-dd81e6ce9d02', '633b13a7-c884-486b-ac2a-202f8d566aad');
insert into items (uuid, name, description, price, brand_id, category_id) values ('c24235e1-a34b-407e-84ee-dab882fcc6d1', 'Pepper - Paprika, Spanish', 'alliance', 4854, 'af16624e-c966-4b32-98fd-2fd2ffa2c9a1', '1e74b0da-8d15-43f9-82f5-9f31d92c4c56');
insert into items (uuid, name, description, price, brand_id, category_id) values ('d2ee77cd-e024-4320-801c-a25f1fcecc99', 'Pork - Tenderloin, Frozen', 'alliance', 8578, 'af16624e-c966-4b32-98fd-2fd2ffa2c9a1', '1e74b0da-8d15-43f9-82f5-9f31d92c4c56');
insert into items (uuid, name, description, price, brand_id, category_id) values ('c59570b9-f9a5-47c7-b156-26bb533a3d39', 'Longos - Lasagna Veg', 'productivity', 8552, '88be1a1e-1dd7-4d60-89f8-61504cc7e276', '17431cb0-0af5-4efe-a20f-2d1ba7d8637d');
insert into items (uuid, name, description, price, brand_id, category_id) values ('9fff11dc-5b3a-4c20-830c-b593ef4c8c77', 'Hot Chocolate - Individual', 'Networked', 184, '9cab663c-0724-413b-b5d6-e2f386bc0e04', '1e74b0da-8d15-43f9-82f5-9f31d92c4c56');
insert into items (uuid, name, description, price, brand_id, category_id) values ('1fbef38e-caed-42b9-8aba-ee601a0f33c7', 'Juice - Apple 284ml', 'Networked', 8060, '9cab663c-0724-413b-b5d6-e2f386bc0e04', '633b13a7-c884-486b-ac2a-202f8d566aad');
insert into items (uuid, name, description, price, brand_id, category_id) values ('b8d3f7bf-72be-44da-982e-a1386292d70a', 'Appetizer - Seafood Assortment', 'tangible', 3578, '16b29f8e-1e1e-40f9-a4f6-9f5a1df5fb56', '633b13a7-c884-486b-ac2a-202f8d566aad');
insert into items (uuid, name, description, price, brand_id, category_id) values ('72f23d13-2dc6-489e-a9f5-8fdffae7332b', 'Jam - Marmalade, Orange', 'holistic', 3842, 'ad89b252-24ad-4c80-9851-b6de28796f2b', '633b13a7-c884-486b-ac2a-202f8d566aad');
insert into items (uuid, name, description, price, brand_id, category_id) values ('a021c7dd-371f-4054-9b68-01338a729854', 'Tea - Vanilla Chai', 'directional', 2271, '5c7c6957-e12f-4a58-9887-dd81e6ce9d02', '17431cb0-0af5-4efe-a20f-2d1ba7d8637d');
insert into items (uuid, name, description, price, brand_id, category_id) values ('23f343e7-b055-4357-b6eb-7d3c449031cc', 'Wine - Red, Concha Y Toro', 'attitude', 8639, '5c7c6957-e12f-4a58-9887-dd81e6ce9d02', '1e74b0da-8d15-43f9-82f5-9f31d92c4c56');
insert into items (uuid, name, description, price, brand_id, category_id) values ('20c46ab1-cd0b-4823-affb-e89e8a2c734e', 'Dip - Tapenade', 'Distributed', 9127, '88be1a1e-1dd7-4d60-89f8-61504cc7e276', '17431cb0-0af5-4efe-a20f-2d1ba7d8637d');
insert into items (uuid, name, description, price, brand_id, category_id) values ('375c34ed-c7c0-4740-b222-72e66a2852c0', 'Olives - Green, Pitted', 'Synchronised', 9599, '2657a943-73a1-4494-8722-17ee9985b959', '633b13a7-c884-486b-ac2a-202f8d566aad');
insert into items (uuid, name, description, price, brand_id, category_id) values ('70657998-a875-4c42-ad10-b216962e74e6', 'Wine - Ej Gallo Sonoma', 'database', 3094, '5c7c6957-e12f-4a58-9887-dd81e6ce9d02', '17431cb0-0af5-4efe-a20f-2d1ba7d8637d');
insert into items (uuid, name, description, price, brand_id, category_id) values ('152ec043-facd-4361-81f9-f35241ac43c5', 'Chicken Breast Halal', 'contextually-based', 6971, '16b29f8e-1e1e-40f9-a4f6-9f5a1df5fb56', '17431cb0-0af5-4efe-a20f-2d1ba7d8637d');
insert into items (uuid, name, description, price, brand_id, category_id) values ('b89cef81-da75-48d0-b54b-5748990aff18', 'Duck - Breast', 'solution-oriented', 8261, 'ad89b252-24ad-4c80-9851-b6de28796f2b', '17431cb0-0af5-4efe-a20f-2d1ba7d8637d');
insert into items (uuid, name, description, price, brand_id, category_id) values ('10e80fb3-141c-42d3-96ec-daab13005221', 'Wine La Vielle Ferme Cote Du', 'optimal', 8706, 'af16624e-c966-4b32-98fd-2fd2ffa2c9a1', '633b13a7-c884-486b-ac2a-202f8d566aad');
insert into items (uuid, name, description, price, brand_id, category_id) values ('2c894c1f-9666-47ec-9498-334b39d73193', 'Baking Soda', 'Customer-focused', 6043, '9cab663c-0724-413b-b5d6-e2f386bc0e04', '1e74b0da-8d15-43f9-82f5-9f31d92c4c56');
insert into items (uuid, name, description, price, brand_id, category_id) values ('571ac24d-cc56-48c3-bcd3-1459aea6a150', 'Pork Salted Bellies', 'orchestration', 3503, 'af16624e-c966-4b32-98fd-2fd2ffa2c9a1', '1e74b0da-8d15-43f9-82f5-9f31d92c4c56');
insert into items (uuid, name, description, price, brand_id, category_id) values ('245064b9-ec2b-48db-8256-c5228cc168c1', 'Wine - Pinot Noir Stoneleigh', 'circuit', 7490, '88be1a1e-1dd7-4d60-89f8-61504cc7e276', '1e74b0da-8d15-43f9-82f5-9f31d92c4c56');
insert into items (uuid, name, description, price, brand_id, category_id) values ('d9649145-027b-45a4-a714-b5026f7f903a', 'Cabbage - Red', 'policy', 2218, 'af16624e-c966-4b32-98fd-2fd2ffa2c9a1', '1e74b0da-8d15-43f9-82f5-9f31d92c4c56');
insert into items (uuid, name, description, price, brand_id, category_id) values ('c42f52c0-1255-4413-af19-341ad91e2dbc', 'Otomegusa Dashi Konbu', 'Open-architected', 6060, '02d6f963-11f3-45f4-8d05-86a426f5ba77', '1e74b0da-8d15-43f9-82f5-9f31d92c4c56');
insert into items (uuid, name, description, price, brand_id, category_id) values ('ed1b5eb5-8688-43ea-aab3-3804cdaceeb2', 'Tart Shells - Sweet, 4', 'Monitored', 4436, 'af16624e-c966-4b32-98fd-2fd2ffa2c9a1', '17431cb0-0af5-4efe-a20f-2d1ba7d8637d');
insert into items (uuid, name, description, price, brand_id, category_id) values ('e86fcea0-bca1-4c6d-a18c-39ee17dc99ed', 'Foil Cont Round', 'client-driven', 456, '9cab663c-0724-413b-b5d6-e2f386bc0e04', '633b13a7-c884-486b-ac2a-202f8d566aad');
insert into items (uuid, name, description, price, brand_id, category_id) values ('72c3094a-ff0a-4877-b162-bca65e777a76', 'Muffin Mix - Corn Harvest', 'moderator', 4503, '5c7c6957-e12f-4a58-9887-dd81e6ce9d02', '17431cb0-0af5-4efe-a20f-2d1ba7d8637d');
insert into items (uuid, name, description, price, brand_id, category_id) values ('acdb68dc-c1f6-4ceb-b9bb-519e9a56786e', 'Wine - White, Concha Y Toro', 'Re-engineered', 6485, '2657a943-73a1-4494-8722-17ee9985b959', '1e74b0da-8d15-43f9-82f5-9f31d92c4c56');
insert into items (uuid, name, description, price, brand_id, category_id) values ('81345e8a-f51d-4146-8411-495dba72c2e9', 'Napkin - Dinner, White', 'neutral', 9059, '02d6f963-11f3-45f4-8d05-86a426f5ba77', '633b13a7-c884-486b-ac2a-202f8d566aad');
insert into items (uuid, name, description, price, brand_id, category_id) values ('cf92ed92-2669-4f5e-9df7-1771b6443ee9', 'Tomatoes - Roma', 'Optional', 9756, '2657a943-73a1-4494-8722-17ee9985b959', '1e74b0da-8d15-43f9-82f5-9f31d92c4c56');
insert into items (uuid, name, description, price, brand_id, category_id) values ('77733c6b-c408-4bff-aa2a-abfc78fd70ea', 'Wine - Chardonnay Mondavi', 'strategy', 3169, '02d6f963-11f3-45f4-8d05-86a426f5ba77', '633b13a7-c884-486b-ac2a-202f8d566aad');
insert into items (uuid, name, description, price, brand_id, category_id) values ('b2f51a99-821e-4b3f-a777-8be477773b55', 'Relish', 'regional', 5610, '88be1a1e-1dd7-4d60-89f8-61504cc7e276', '17431cb0-0af5-4efe-a20f-2d1ba7d8637d');
insert into items (uuid, name, description, price, brand_id, category_id) values ('524aea14-ad4c-4b52-8a0a-554891376f3d', 'Gelatine Leaves - Envelopes', 'installation', 8780, 'ad89b252-24ad-4c80-9851-b6de28796f2b', '17431cb0-0af5-4efe-a20f-2d1ba7d8637d');
insert into items (uuid, name, description, price, brand_id, category_id) values ('5bd83927-3953-492c-93f4-7ba6f8be8dcb', 'Wine - Pinot Noir Latour', 'data-warehouse', 1462, '88be1a1e-1dd7-4d60-89f8-61504cc7e276', '1e74b0da-8d15-43f9-82f5-9f31d92c4c56');
insert into items (uuid, name, description, price, brand_id, category_id) values ('5dcf27f8-a7d5-42cc-93b8-389cfa090c99', 'Corn Shoots', 'client-server', 9865, 'af16624e-c966-4b32-98fd-2fd2ffa2c9a1', '1e74b0da-8d15-43f9-82f5-9f31d92c4c56');
insert into items (uuid, name, description, price, brand_id, category_id) values ('cc501b9a-b2c7-49b1-8c0a-e1c808967bd7', 'Cookie Choc', 'cohesive', 4207, 'ad89b252-24ad-4c80-9851-b6de28796f2b', '633b13a7-c884-486b-ac2a-202f8d566aad');
insert into items (uuid, name, description, price, brand_id, category_id) values ('8b236f10-21c8-4599-9793-7311c134a2c9', 'Flour - Semolina', 'framework', 7926, 'af16624e-c966-4b32-98fd-2fd2ffa2c9a1', '1e74b0da-8d15-43f9-82f5-9f31d92c4c56');
insert into items (uuid, name, description, price, brand_id, category_id) values ('4344db7c-cc30-49ec-a6a1-fc2b67e84e09', 'Sea Bass - Fillets', 'Persistent', 8524, 'ad89b252-24ad-4c80-9851-b6de28796f2b', '633b13a7-c884-486b-ac2a-202f8d566aad');
insert into items (uuid, name, description, price, brand_id, category_id) values ('3ddef827-1ab7-45b6-8904-a5a99da36676', 'Carroway Seed', '6th generation', 8619, 'af16624e-c966-4b32-98fd-2fd2ffa2c9a1', '1e74b0da-8d15-43f9-82f5-9f31d92c4c56');
insert into items (uuid, name, description, price, brand_id, category_id) values ('b7931a77-811a-454e-8518-408f42eb1f40', 'Squid Ink', 'non-volatile', 8640, '2657a943-73a1-4494-8722-17ee9985b959', '17431cb0-0af5-4efe-a20f-2d1ba7d8637d');
insert into items (uuid, name, description, price, brand_id, category_id) values ('bf1d6cdc-9350-43b9-a9d8-ba5e8d861b92', 'Raisin - Dark', 'optimal', 1690, 'ad89b252-24ad-4c80-9851-b6de28796f2b', '17431cb0-0af5-4efe-a20f-2d1ba7d8637d');
insert into items (uuid, name, description, price, brand_id, category_id) values ('cb8c51ea-c5c8-4851-bdcc-a804db0de6d5', 'Crush - Cream Soda', 'analyzing', 8130, '88be1a1e-1dd7-4d60-89f8-61504cc7e276', '1e74b0da-8d15-43f9-82f5-9f31d92c4c56');
insert into items (uuid, name, description, price, brand_id, category_id) values ('dfb3af32-9a4b-415e-87d8-deb90034e2a5', 'Macaroons - Homestyle Two Bit', 'concept', 212, 'af16624e-c966-4b32-98fd-2fd2ffa2c9a1', '17431cb0-0af5-4efe-a20f-2d1ba7d8637d');
insert into items (uuid, name, description, price, brand_id, category_id) values ('d46b3b68-f118-46b8-bc39-930bbb80364c', 'Pasta - Fettuccine, Dry', 'Persistent', 7982, 'ad89b252-24ad-4c80-9851-b6de28796f2b', '1e74b0da-8d15-43f9-82f5-9f31d92c4c56');
insert into items (uuid, name, description, price, brand_id, category_id) values ('76b3e718-1405-4076-9c26-5b0fac883c41', 'Bread Sour Rolls', 'task-force', 5882, '5c7c6957-e12f-4a58-9887-dd81e6ce9d02', '633b13a7-c884-486b-ac2a-202f8d566aad');
insert into items (uuid, name, description, price, brand_id, category_id) values ('bf192106-6498-442c-abc5-9aa3afdbc026', 'Pork - Chop, Frenched', 'Synergized', 3691, '16b29f8e-1e1e-40f9-a4f6-9f5a1df5fb56', '633b13a7-c884-486b-ac2a-202f8d566aad');
insert into items (uuid, name, description, price, brand_id, category_id) values ('45ca0919-0436-4bde-8ef1-d66f370a69a2', 'Sauce - Plum', 'portal', 3838, '5c7c6957-e12f-4a58-9887-dd81e6ce9d02', '1e74b0da-8d15-43f9-82f5-9f31d92c4c56');
insert into items (uuid, name, description, price, brand_id, category_id) values ('88f46a33-af71-4aee-b040-e9406535f7e9', 'Wine - White, Colubia Cresh', 'Sharable', 7702, '5c7c6957-e12f-4a58-9887-dd81e6ce9d02', '1e74b0da-8d15-43f9-82f5-9f31d92c4c56');
insert into items (uuid, name, description, price, brand_id, category_id) values ('e3b24fb7-012d-4d36-8de8-c04308e1f3e4', 'Pepper Squash', 'complexity', 453, '16b29f8e-1e1e-40f9-a4f6-9f5a1df5fb56', '17431cb0-0af5-4efe-a20f-2d1ba7d8637d');
insert into items (uuid, name, description, price, brand_id, category_id) values ('d44f3241-498d-455c-a1bf-099b8d5e7b3b', 'Garbag Bags - Black', 'Diverse', 1106, '88be1a1e-1dd7-4d60-89f8-61504cc7e276', '1e74b0da-8d15-43f9-82f5-9f31d92c4c56');
insert into items (uuid, name, description, price, brand_id, category_id) values ('92a90de1-d605-4426-a85c-43bfa5006954', 'Bread - Sticks, Thin, Plain', 'success', 9618, '16b29f8e-1e1e-40f9-a4f6-9f5a1df5fb56', '17431cb0-0af5-4efe-a20f-2d1ba7d8637d');
insert into items (uuid, name, description, price, brand_id, category_id) values ('080b9228-ec67-4867-8d80-c6198c9a5a11', 'Shichimi Togarashi Peppeers', 'heuristic', 2917, '9cab663c-0724-413b-b5d6-e2f386bc0e04', '633b13a7-c884-486b-ac2a-202f8d566aad');
insert into items (uuid, name, description, price, brand_id, category_id) values ('8c1c27b0-1a1b-485e-9065-7eb13db06339', 'Cheese Cheddar Processed', 'conglomeration', 6655, '9cab663c-0724-413b-b5d6-e2f386bc0e04', '633b13a7-c884-486b-ac2a-202f8d566aad');
insert into items (uuid, name, description, price, brand_id, category_id) values ('592b9c0e-f86e-4ac6-aad3-744cb39ffced', 'Chicken - Whole', 'Function-based', 4937, '2657a943-73a1-4494-8722-17ee9985b959', '633b13a7-c884-486b-ac2a-202f8d566aad');
insert into items (uuid, name, description, price, brand_id, category_id) values ('c9a3f950-8a3a-4048-a2d4-ea60070ff3fe', 'Wine - Piper Heidsieck Brut', 'groupware', 1819, '5c7c6957-e12f-4a58-9887-dd81e6ce9d02', '17431cb0-0af5-4efe-a20f-2d1ba7d8637d');
insert into items (uuid, name, description, price, brand_id, category_id) values ('476cf2b8-2bf8-4b2f-baaf-5d2e4e607107', 'Foam Cup 6 Oz', 'bi-directional', 1930, '88be1a1e-1dd7-4d60-89f8-61504cc7e276', '1e74b0da-8d15-43f9-82f5-9f31d92c4c56');
insert into items (uuid, name, description, price, brand_id, category_id) values ('9241f6bc-3f34-4b23-8cb1-84a00bec534c', 'Sour Puss - Tangerine', 'user-facing', 6880, '5c7c6957-e12f-4a58-9887-dd81e6ce9d02', '17431cb0-0af5-4efe-a20f-2d1ba7d8637d');
insert into items (uuid, name, description, price, brand_id, category_id) values ('d45fca8a-b7f1-4142-aaf4-9fffac6cbd5d', 'Coffee - Ristretto Coffee Capsule', 'knowledge user', 8411, '9cab663c-0724-413b-b5d6-e2f386bc0e04', '633b13a7-c884-486b-ac2a-202f8d566aad');
insert into items (uuid, name, description, price, brand_id, category_id) values ('a4ba8aa4-3d37-4353-8a01-2f836b863c7c', 'Lettuce - Belgian Endive', 'Operative', 9654, '5c7c6957-e12f-4a58-9887-dd81e6ce9d02', '1e74b0da-8d15-43f9-82f5-9f31d92c4c56');
insert into items (uuid, name, description, price, brand_id, category_id) values ('f5802142-b05a-406e-a794-db253af91e50', 'Quiche Assorted', 'reciprocal', 9707, '2657a943-73a1-4494-8722-17ee9985b959', '17431cb0-0af5-4efe-a20f-2d1ba7d8637d');
insert into items (uuid, name, description, price, brand_id, category_id) values ('ec034568-7ffc-48fd-8e8c-fbc283215eb1', 'Tart - Lemon', 'Object-based', 5385, '02d6f963-11f3-45f4-8d05-86a426f5ba77', '17431cb0-0af5-4efe-a20f-2d1ba7d8637d');
insert into items (uuid, name, description, price, brand_id, category_id) values ('cf4b346f-e6b7-4a20-a979-0051e433a3a9', 'Parsley - Fresh', 'executive', 2146, '88be1a1e-1dd7-4d60-89f8-61504cc7e276', '17431cb0-0af5-4efe-a20f-2d1ba7d8637d');
insert into items (uuid, name, description, price, brand_id, category_id) values ('e6e12b22-75e8-43f5-bbe7-efac1133acbc', 'Chocolate - Feathers', 'Fully-configurable', 5727, '2657a943-73a1-4494-8722-17ee9985b959', '1e74b0da-8d15-43f9-82f5-9f31d92c4c56');
insert into items (uuid, name, description, price, brand_id, category_id) values ('14f44725-825a-48b4-8f06-2dd582e9a71c', 'Laundry - Bag Cloth', 'real-time', 4113, '16b29f8e-1e1e-40f9-a4f6-9f5a1df5fb56', '1e74b0da-8d15-43f9-82f5-9f31d92c4c56');
insert into items (uuid, name, description, price, brand_id, category_id) values ('0bd7cd42-06f6-426a-a31e-2ad78255b77c', 'Tequila Rose Cream Liquor', 'Re-contextualized', 3371, '5c7c6957-e12f-4a58-9887-dd81e6ce9d02', '1e74b0da-8d15-43f9-82f5-9f31d92c4c56');
insert into items (uuid, name, description, price, brand_id, category_id) values ('dfb76902-3858-4c6c-b5a0-3ba159509068', 'Yogurt - Plain', 'toolset', 9858, 'ad89b252-24ad-4c80-9851-b6de28796f2b', '1e74b0da-8d15-43f9-82f5-9f31d92c4c56');
insert into items (uuid, name, description, price, brand_id, category_id) values ('b9c34caf-75a6-4363-8e90-2a7aaa6bb387', 'Turnip - White, Organic', 'matrix', 3805, '88be1a1e-1dd7-4d60-89f8-61504cc7e276', '1e74b0da-8d15-43f9-82f5-9f31d92c4c56');
insert into items (uuid, name, description, price, brand_id, category_id) values ('bfc3945a-0e8b-40e2-aa6e-8887ddd3b1fd', 'Cheese - Havarti, Salsa', 'Multi-layered', 4824, '88be1a1e-1dd7-4d60-89f8-61504cc7e276', '633b13a7-c884-486b-ac2a-202f8d566aad');
insert into items (uuid, name, description, price, brand_id, category_id) values ('a7e22914-e8dc-48b9-8c5b-6520497f1a74', 'Muffin - Blueberry Individual', 'Front-line', 2887, '9cab663c-0724-413b-b5d6-e2f386bc0e04', '633b13a7-c884-486b-ac2a-202f8d566aad');
insert into items (uuid, name, description, price, brand_id, category_id) values ('f7695dfc-62ba-42d8-b824-ec40cfdf6b0c', 'Bread - Dark Rye', 'Balanced', 2599, '5c7c6957-e12f-4a58-9887-dd81e6ce9d02', '633b13a7-c884-486b-ac2a-202f8d566aad');
insert into items (uuid, name, description, price, brand_id, category_id) values ('70d5d938-58f7-49c9-a65b-1c8122906f46', 'Lamb - Whole Head Off,nz', 'system-worthy', 7806, 'af16624e-c966-4b32-98fd-2fd2ffa2c9a1', '1e74b0da-8d15-43f9-82f5-9f31d92c4c56');
insert into items (uuid, name, description, price, brand_id, category_id) values ('0bc4775f-7916-4b11-896f-b487445ec8f9', 'Tomatillo', 'toolset', 7493, '02d6f963-11f3-45f4-8d05-86a426f5ba77', '1e74b0da-8d15-43f9-82f5-9f31d92c4c56');
insert into items (uuid, name, description, price, brand_id, category_id) values ('63761676-f74b-46aa-87f1-19876516ac84', 'Rice - Aborio', 'core', 6334, 'af16624e-c966-4b32-98fd-2fd2ffa2c9a1', '1e74b0da-8d15-43f9-82f5-9f31d92c4c56');
insert into items (uuid, name, description, price, brand_id, category_id) values ('8d426035-272e-4891-a282-07c27485b733', 'Puff Pastry - Slab', 'installation', 7098, '02d6f963-11f3-45f4-8d05-86a426f5ba77', '633b13a7-c884-486b-ac2a-202f8d566aad');
insert into items (uuid, name, description, price, brand_id, category_id) values ('d3856aac-687b-4e2d-ae0b-66bf512b963b', 'Lettuce - Baby Salad Greens', 'Public-key', 8068, '02d6f963-11f3-45f4-8d05-86a426f5ba77', '17431cb0-0af5-4efe-a20f-2d1ba7d8637d');
insert into items (uuid, name, description, price, brand_id, category_id) values ('3f1173b5-190f-4306-9995-0dc531324600', 'Lychee', 'emulation', 2981, '5c7c6957-e12f-4a58-9887-dd81e6ce9d02', '17431cb0-0af5-4efe-a20f-2d1ba7d8637d');
insert into items (uuid, name, description, price, brand_id, category_id) values ('0769cc34-392c-4bbc-9d37-cb18c5249eff', 'Bread - 10 Grain Parisian', 'Re-contextualized', 1433, '16b29f8e-1e1e-40f9-a4f6-9f5a1df5fb56', '17431cb0-0af5-4efe-a20f-2d1ba7d8637d');
insert into items (uuid, name, description, price, brand_id, category_id) values ('0e1bea1d-3457-4352-8759-a3f1022367af', 'Beer - Camerons Cream Ale', 'regional', 3658, '88be1a1e-1dd7-4d60-89f8-61504cc7e276', '1e74b0da-8d15-43f9-82f5-9f31d92c4c56');
insert into items (uuid, name, description, price, brand_id, category_id) values ('eba9fe91-1aa4-4190-b2fb-2e0faedbccb9', 'Tart Shells - Savory, 4', 'modular', 8973, '88be1a1e-1dd7-4d60-89f8-61504cc7e276', '633b13a7-c884-486b-ac2a-202f8d566aad');
insert into items (uuid, name, description, price, brand_id, category_id) values ('f2d76355-ef57-422e-a831-06a8ebd4f08f', 'Bagel - 12 Grain Preslice', 'process improvement', 2862, 'af16624e-c966-4b32-98fd-2fd2ffa2c9a1', '17431cb0-0af5-4efe-a20f-2d1ba7d8637d');
insert into items (uuid, name, description, price, brand_id, category_id) values ('8390cf93-1914-4206-a43c-082941f73e42', 'Wine - White, Antinore Orvieto', '5th generation', 3727, '2657a943-73a1-4494-8722-17ee9985b959', '17431cb0-0af5-4efe-a20f-2d1ba7d8637d');
insert into items (uuid, name, description, price, brand_id, category_id) values ('bf371ad1-0d01-43ae-afcc-772d306a8259', 'Cod - Salted, Boneless', 'Cloned', 215, 'af16624e-c966-4b32-98fd-2fd2ffa2c9a1', '17431cb0-0af5-4efe-a20f-2d1ba7d8637d');
insert into items (uuid, name, description, price, brand_id, category_id) values ('8795bbca-383d-408f-bec1-ae75f000ae8b', 'Chocolate - Dark Callets', 'dynamic', 9098, 'ad89b252-24ad-4c80-9851-b6de28796f2b', '1e74b0da-8d15-43f9-82f5-9f31d92c4c56');
insert into items (uuid, name, description, price, brand_id, category_id) values ('47554c36-61d9-4a3c-97ea-88334467a7db', 'Onions - Vidalia', 'emulation', 3494, '5c7c6957-e12f-4a58-9887-dd81e6ce9d02', '633b13a7-c884-486b-ac2a-202f8d566aad');
insert into items (uuid, name, description, price, brand_id, category_id) values ('611cf58e-a44c-4fdc-a1f5-6c2f8ecff95f', 'English Muffin', 'help-desk', 6091, 'af16624e-c966-4b32-98fd-2fd2ffa2c9a1', '17431cb0-0af5-4efe-a20f-2d1ba7d8637d');
insert into items (uuid, name, description, price, brand_id, category_id) values ('7336e330-b32f-4929-93b9-4d4af601992e', 'Cafe Royale', 'secondary', 6017, 'ad89b252-24ad-4c80-9851-b6de28796f2b', '1e74b0da-8d15-43f9-82f5-9f31d92c4c56');
insert into items (uuid, name, description, price, brand_id, category_id) values ('6c11656f-5d9d-42e2-93c8-91f4841655b2', 'Plate - Foam, Bread And Butter', 'Fully-configurable', 9883, '2657a943-73a1-4494-8722-17ee9985b959', '633b13a7-c884-486b-ac2a-202f8d566aad');
insert into items (uuid, name, description, price, brand_id, category_id) values ('b9f929d8-292f-43af-8e16-dd1b33dcb007', 'Ecolab - Balanced Fusion', 'array', 4423, 'af16624e-c966-4b32-98fd-2fd2ffa2c9a1', '17431cb0-0af5-4efe-a20f-2d1ba7d8637d');
insert into items (uuid, name, description, price, brand_id, category_id) values ('d10cfb43-67ed-4b48-850b-0fbe6796cd3c', 'Pasta - Agnolotti - Butternut', 'strategy', 292, 'ad89b252-24ad-4c80-9851-b6de28796f2b', '1e74b0da-8d15-43f9-82f5-9f31d92c4c56');
insert into items (uuid, name, description, price, brand_id, category_id) values ('21e25c8f-2faf-4e68-a055-2381e39a8d29', 'Bread - Calabrese Baguette', 'Function-based', 8055, '5c7c6957-e12f-4a58-9887-dd81e6ce9d02', '17431cb0-0af5-4efe-a20f-2d1ba7d8637d');
insert into items (uuid, name, description, price, brand_id, category_id) values ('227f03c7-754e-4e5d-adf5-b8e3b691fbce', 'Syrup - Pancake', 'zero defect', 5258, '88be1a1e-1dd7-4d60-89f8-61504cc7e276', '633b13a7-c884-486b-ac2a-202f8d566aad');
insert into items (uuid, name, description, price, brand_id, category_id) values ('4741bed2-2612-4dad-a808-e854bbd4484a', 'Lentils - Red, Dry', 'client-driven', 2834, 'af16624e-c966-4b32-98fd-2fd2ffa2c9a1', '633b13a7-c884-486b-ac2a-202f8d566aad');
insert into items (uuid, name, description, price, brand_id, category_id) values ('dec91c93-f68a-4f30-b7cd-4913dbebadbe', 'Cardamon Ground', 'fault-tolerant', 1782, '5c7c6957-e12f-4a58-9887-dd81e6ce9d02', '1e74b0da-8d15-43f9-82f5-9f31d92c4c56');
insert into items (uuid, name, description, price, brand_id, category_id) values ('a35a3b65-1448-4b2b-b8dc-cd4d70879aad', 'Cheese - Brie, Cups 125g', 'stable', 5769, '2657a943-73a1-4494-8722-17ee9985b959', '633b13a7-c884-486b-ac2a-202f8d566aad');
insert into items (uuid, name, description, price, brand_id, category_id) values ('3bfff7b1-2d54-484b-b867-324078f1c67c', 'Sauce - Fish 25 Ozf Bottle', 'radical', 6921, '9cab663c-0724-413b-b5d6-e2f386bc0e04', '17431cb0-0af5-4efe-a20f-2d1ba7d8637d');
insert into items (uuid, name, description, price, brand_id, category_id) values ('1cd233e1-c6cc-4fa7-b921-133adfbb3da4', 'Nut - Cashews, Whole, Raw', 'secured line', 9190, 'af16624e-c966-4b32-98fd-2fd2ffa2c9a1', '1e74b0da-8d15-43f9-82f5-9f31d92c4c56');
insert into items (uuid, name, description, price, brand_id, category_id) values ('7de1ce4f-1418-4bce-bd0b-079f9a7f2f2e', 'Worcestershire Sauce', 'capability', 5476, 'ad89b252-24ad-4c80-9851-b6de28796f2b', '633b13a7-c884-486b-ac2a-202f8d566aad');
insert into items (uuid, name, description, price, brand_id, category_id) values ('5e4b84ad-3e11-47ff-a4cf-15db4ad70c88', 'Apricots Fresh', 'Graphic Interface', 8488, '9cab663c-0724-413b-b5d6-e2f386bc0e04', '17431cb0-0af5-4efe-a20f-2d1ba7d8637d');
insert into items (uuid, name, description, price, brand_id, category_id) values ('9db8b611-a735-4285-9e99-2d6e7f9bd38f', 'Fruit Salad Deluxe', 'service-desk', 3000, '16b29f8e-1e1e-40f9-a4f6-9f5a1df5fb56', '1e74b0da-8d15-43f9-82f5-9f31d92c4c56');
insert into items (uuid, name, description, price, brand_id, category_id) values ('a235177b-01e0-44c6-95e5-d55d769fc1b2', 'Bay Leaf Fresh', 'ability', 6346, 'af16624e-c966-4b32-98fd-2fd2ffa2c9a1', '17431cb0-0af5-4efe-a20f-2d1ba7d8637d');
insert into items (uuid, name, description, price, brand_id, category_id) values ('8973fbc2-fceb-4fcc-b980-091b7c689183', 'Tray - 16in Rnd Blk', 'definition', 8457, 'af16624e-c966-4b32-98fd-2fd2ffa2c9a1', '17431cb0-0af5-4efe-a20f-2d1ba7d8637d');
insert into items (uuid, name, description, price, brand_id, category_id) values ('6b338816-eebb-4c99-80c3-405089b65014', 'Ice Cream - Strawberry', 'policy', 288, 'af16624e-c966-4b32-98fd-2fd2ffa2c9a1', '633b13a7-c884-486b-ac2a-202f8d566aad');
insert into items (uuid, name, description, price, brand_id, category_id) values ('08091e9d-4a2b-414e-887e-9928893562e5', 'Butter Balls Salted', 'well-modulated', 4926, '5c7c6957-e12f-4a58-9887-dd81e6ce9d02', '17431cb0-0af5-4efe-a20f-2d1ba7d8637d');
insert into items (uuid, name, description, price, brand_id, category_id) values ('b2bce992-d298-4a85-b202-c99e792e27fe', 'Mint - Fresh', 'Multi-channelled', 1370, 'ad89b252-24ad-4c80-9851-b6de28796f2b', '633b13a7-c884-486b-ac2a-202f8d566aad');
insert into items (uuid, name, description, price, brand_id, category_id) values ('0c6711bb-56e7-4bfe-acad-ec287ccc0530', 'Cheese - Roquefort Pappillon', 'exuding', 2247, '9cab663c-0724-413b-b5d6-e2f386bc0e04', '1e74b0da-8d15-43f9-82f5-9f31d92c4c56');
insert into items (uuid, name, description, price, brand_id, category_id) values ('5c148d48-da5a-470d-988a-4279fa97bf49', 'Dehydrated Kelp Kombo', 'User-centric', 6581, '16b29f8e-1e1e-40f9-a4f6-9f5a1df5fb56', '633b13a7-c884-486b-ac2a-202f8d566aad');
insert into items (uuid, name, description, price, brand_id, category_id) values ('5a42d8d4-21ca-4771-80a9-f0a4a2b75de2', 'Cucumber - Pickling Ontario', 'capacity', 4281, '88be1a1e-1dd7-4d60-89f8-61504cc7e276', '633b13a7-c884-486b-ac2a-202f8d566aad');
insert into items (uuid, name, description, price, brand_id, category_id) values ('bfc13737-edcd-46c6-a57b-6d03f04f7c32', 'Muffin Mix - Raisin Bran', 'paradigm', 3945, '02d6f963-11f3-45f4-8d05-86a426f5ba77', '633b13a7-c884-486b-ac2a-202f8d566aad');
insert into items (uuid, name, description, price, brand_id, category_id) values ('16c95503-8a95-41f8-833a-d0b2f1f40a45', 'Wine - Sauvignon Blanc Oyster', 'Synchronised', 4666, 'ad89b252-24ad-4c80-9851-b6de28796f2b', '17431cb0-0af5-4efe-a20f-2d1ba7d8637d');
insert into items (uuid, name, description, price, brand_id, category_id) values ('ab569ffd-7b1e-4135-9be3-772dbedb0e47', 'Napkin - Dinner, White1', 'Business-focused', 2243, 'ad89b252-24ad-4c80-9851-b6de28796f2b', '17431cb0-0af5-4efe-a20f-2d1ba7d8637d');
insert into items (uuid, name, description, price, brand_id, category_id) values ('998ed164-0f1e-4fe4-adf2-871519e2f469', 'Muffin Mix - Blueberry', 'success', 9602, '88be1a1e-1dd7-4d60-89f8-61504cc7e276', '633b13a7-c884-486b-ac2a-202f8d566aad');
insert into items (uuid, name, description, price, brand_id, category_id) values ('8672267f-79a2-402d-aa6b-fe4c47ba5420', 'Appetizer - Shrimp Puff', 'challenge', 2644, '5c7c6957-e12f-4a58-9887-dd81e6ce9d02', '17431cb0-0af5-4efe-a20f-2d1ba7d8637d');
insert into items (uuid, name, description, price, brand_id, category_id) values ('c112bd13-ce58-4cda-9451-d8e061295f2d', 'Cheese - St. Paulin', 'static', 4325, '88be1a1e-1dd7-4d60-89f8-61504cc7e276', '1e74b0da-8d15-43f9-82f5-9f31d92c4c56');
insert into items (uuid, name, description, price, brand_id, category_id) values ('6f402798-1ea5-4a36-9742-800a56310387', 'Extract - Almond', '5th generation', 8294, '88be1a1e-1dd7-4d60-89f8-61504cc7e276', '1e74b0da-8d15-43f9-82f5-9f31d92c4c56');
insert into items (uuid, name, description, price, brand_id, category_id) values ('2a858402-1961-4fb0-a482-d5d565bbd766', 'V8 - Berry Blend', 'eco-centric', 6299, 'ad89b252-24ad-4c80-9851-b6de28796f2b', '1e74b0da-8d15-43f9-82f5-9f31d92c4c56');
insert into items (uuid, name, description, price, brand_id, category_id) values ('1c623830-0562-45f0-a76a-627da8ba3dd4', 'Trout Rainbow Whole', 'hybrid', 6506, '5c7c6957-e12f-4a58-9887-dd81e6ce9d02', '1e74b0da-8d15-43f9-82f5-9f31d92c4c56');
insert into items (uuid, name, description, price, brand_id, category_id) values ('b6070a88-0203-48b2-a967-daf8fc4a11f2', 'Syrup - Monin - Blue Curacao', 'demand-driven', 4382, '88be1a1e-1dd7-4d60-89f8-61504cc7e276', '1e74b0da-8d15-43f9-82f5-9f31d92c4c56');
insert into items (uuid, name, description, price, brand_id, category_id) values ('d2fece92-1a3a-433d-9dbc-4680809bd0ba', 'Samosa - Veg', 'Automated', 9617, 'ad89b252-24ad-4c80-9851-b6de28796f2b', '1e74b0da-8d15-43f9-82f5-9f31d92c4c56');
insert into items (uuid, name, description, price, brand_id, category_id) values ('99c9ca1f-f481-49a9-a331-07fd713581ce', 'Yokaline', 'multi-tasking', 4187, '16b29f8e-1e1e-40f9-a4f6-9f5a1df5fb56', '633b13a7-c884-486b-ac2a-202f8d566aad');
insert into items (uuid, name, description, price, brand_id, category_id) values ('afbab603-f2b0-4c26-8b48-53d9f3986f57', 'Melon - Watermelon, Seedless', 'Reverse-engineered', 6767, '2657a943-73a1-4494-8722-17ee9985b959', '17431cb0-0af5-4efe-a20f-2d1ba7d8637d');
insert into items (uuid, name, description, price, brand_id, category_id) values ('2e42fa2b-c7fa-48ee-ba30-e56f9e69ad1a', 'Tomatoes - Hot House', 'Fundamental', 2140, '9cab663c-0724-413b-b5d6-e2f386bc0e04', '17431cb0-0af5-4efe-a20f-2d1ba7d8637d');
insert into items (uuid, name, description, price, brand_id, category_id) values ('fd97d9b2-1f83-449e-9c75-acfe82949b69', 'Iced Tea - Lemon, 460 Ml', 'Cloned', 1716, '88be1a1e-1dd7-4d60-89f8-61504cc7e276', '1e74b0da-8d15-43f9-82f5-9f31d92c4c56');
insert into items (uuid, name, description, price, brand_id, category_id) values ('78155718-4594-4235-b335-c9babf80b555', 'Dates', 'Triple-buffered', 9810, '02d6f963-11f3-45f4-8d05-86a426f5ba77', '17431cb0-0af5-4efe-a20f-2d1ba7d8637d');
insert into items (uuid, name, description, price, brand_id, category_id) values ('8dee9843-5915-4f92-94e5-71c3c87f96f3', 'Salt - Table', 'project', 1480, '5c7c6957-e12f-4a58-9887-dd81e6ce9d02', '633b13a7-c884-486b-ac2a-202f8d566aad');
insert into items (uuid, name, description, price, brand_id, category_id) values ('9e095748-03f4-4abd-b357-ca2705f4734f', 'Foil - Round Foil', 'Function-based', 4278, '88be1a1e-1dd7-4d60-89f8-61504cc7e276', '17431cb0-0af5-4efe-a20f-2d1ba7d8637d');
insert into items (uuid, name, description, price, brand_id, category_id) values ('d81bfbce-8207-48ae-875f-893a6f5e8de9', 'Milk - 1%', 'Down-sized', 3213, '88be1a1e-1dd7-4d60-89f8-61504cc7e276', '17431cb0-0af5-4efe-a20f-2d1ba7d8637d');
insert into items (uuid, name, description, price, brand_id, category_id) values ('ebe13609-1963-432a-9302-b4f51e848776', 'Vinegar - White Wine', 'Total', 5767, 'af16624e-c966-4b32-98fd-2fd2ffa2c9a1', '17431cb0-0af5-4efe-a20f-2d1ba7d8637d');
insert into items (uuid, name, description, price, brand_id, category_id) values ('44cc7366-5051-4d86-892c-a2de637ea66b', 'Pasta - Bauletti, Chicken White', 'Fully-configurable', 9893, '16b29f8e-1e1e-40f9-a4f6-9f5a1df5fb56', '633b13a7-c884-486b-ac2a-202f8d566aad');
insert into items (uuid, name, description, price, brand_id, category_id) values ('3785c450-07ac-4889-a3e3-af15e34739e9', 'Bar Mix - Pina Colada, 355 Ml', 'motivating', 3628, '16b29f8e-1e1e-40f9-a4f6-9f5a1df5fb56', '17431cb0-0af5-4efe-a20f-2d1ba7d8637d');
insert into items (uuid, name, description, price, brand_id, category_id) values ('b360d5c7-3f7d-48e6-aabe-7ccb3775ae9f', 'Sauce - Black Current, Dry Mix', 'Function-based', 2097, 'af16624e-c966-4b32-98fd-2fd2ffa2c9a1', '633b13a7-c884-486b-ac2a-202f8d566aad');
insert into items (uuid, name, description, price, brand_id, category_id) values ('ddd9e0a3-e8f2-4af8-9277-83d2d460d922', 'Coffee - Ristretto Coffee Capsule1', '6th generation', 8566, '5c7c6957-e12f-4a58-9887-dd81e6ce9d02', '633b13a7-c884-486b-ac2a-202f8d566aad');
insert into items (uuid, name, description, price, brand_id, category_id) values ('f685911f-3336-4a70-922f-ecc53f9e228e', 'AllianzGI Convertible & Income Fund II', '6th generation', 3814, '9cab663c-0724-413b-b5d6-e2f386bc0e04', '17431cb0-0af5-4efe-a20f-2d1ba7d8637d');
insert into items (uuid, name, description, price, brand_id, category_id) values ('1a66ca28-7758-4a66-83ab-af18383f5f97', 'Teekay Offshore Partners L.P.', 'Multi-channelled', 7896, '88be1a1e-1dd7-4d60-89f8-61504cc7e276', '633b13a7-c884-486b-ac2a-202f8d566aad');
insert into items (uuid, name, description, price, brand_id, category_id) values ('8d550948-f1f3-458a-9537-d29306b406ac', 'Opexa Therapeutics, Inc.', 'portal', 5365, '5c7c6957-e12f-4a58-9887-dd81e6ce9d02', '1e74b0da-8d15-43f9-82f5-9f31d92c4c56');
insert into items (uuid, name, description, price, brand_id, category_id) values ('ad5d8206-3c99-47df-91ee-0de89984a310', 'Urban Edge Properties', 'bi-directional', 7642, '9cab663c-0724-413b-b5d6-e2f386bc0e04', '633b13a7-c884-486b-ac2a-202f8d566aad');
insert into items (uuid, name, description, price, brand_id, category_id) values ('98b79f59-e453-40cb-af45-675f3b65f692', 'Rosetta Stone', 'intermediate', 5895, '5c7c6957-e12f-4a58-9887-dd81e6ce9d02', '633b13a7-c884-486b-ac2a-202f8d566aad');
insert into items (uuid, name, description, price, brand_id, category_id) values ('502d53c5-a092-4711-83bb-e7b5a1cfa61c', 'HP Inc.', 'Graphical User Interface', 5227, 'af16624e-c966-4b32-98fd-2fd2ffa2c9a1', '17431cb0-0af5-4efe-a20f-2d1ba7d8637d');
insert into items (uuid, name, description, price, brand_id, category_id) values ('6575176f-dc66-47ad-b26f-3bb4892d8014', 'RiverNorth/DoubleLine Strategic Opportunity Fund, Inc.', 'service-desk', 7803, '9cab663c-0724-413b-b5d6-e2f386bc0e04', '633b13a7-c884-486b-ac2a-202f8d566aad');
insert into items (uuid, name, description, price, brand_id, category_id) values ('2e052c27-ba4c-4068-ba0e-afad36de46a6', 'First Trust Dorsey Wright Dynamic Focus 5 ETF', 'radical', 5683, '9cab663c-0724-413b-b5d6-e2f386bc0e04', '1e74b0da-8d15-43f9-82f5-9f31d92c4c56');
insert into items (uuid, name, description, price, brand_id, category_id) values ('cfdaab56-cc3d-4bc7-8424-1a6080d77abf', 'Clearfield, Inc.', 'Team-oriented', 4007, '02d6f963-11f3-45f4-8d05-86a426f5ba77', '17431cb0-0af5-4efe-a20f-2d1ba7d8637d');
insert into items (uuid, name, description, price, brand_id, category_id) values ('9a6b76e8-73f6-418d-812e-c06af1c4bf32', 'Surmodics, Inc.', 'archive', 4695, '88be1a1e-1dd7-4d60-89f8-61504cc7e276', '1e74b0da-8d15-43f9-82f5-9f31d92c4c56');
insert into items (uuid, name, description, price, brand_id, category_id) values ('f421e749-6b2f-4204-aff4-a717e62ecf4c', 'Toro Company (The)', 'analyzer', 8982, '9cab663c-0724-413b-b5d6-e2f386bc0e04', '633b13a7-c884-486b-ac2a-202f8d566aad');
insert into items (uuid, name, description, price, brand_id, category_id) values ('11f148f9-1770-4581-8e6e-2b97804ab66f', 'Capricor Therapeutics, Inc.', 'eco-centric', 5513, '5c7c6957-e12f-4a58-9887-dd81e6ce9d02', '633b13a7-c884-486b-ac2a-202f8d566aad');
insert into items (uuid, name, description, price, brand_id, category_id) values ('3e248528-8ca3-4c15-b9f6-d5dd4203fda2', 'Park Hotels & Resorts Inc.', 'web-enabled', 3601, 'ad89b252-24ad-4c80-9851-b6de28796f2b', '633b13a7-c884-486b-ac2a-202f8d566aad');
insert into items (uuid, name, description, price, brand_id, category_id) values ('a63fcc3a-e0e1-42a7-b02b-c102617515bd', 'Western Asset Global High Income Fund Inc', 'value-added', 1690, 'ad89b252-24ad-4c80-9851-b6de28796f2b', '633b13a7-c884-486b-ac2a-202f8d566aad');
insert into items (uuid, name, description, price, brand_id, category_id) values ('d7bc22b2-579c-4df1-aef3-64aeb5d707b8', 'Sonoma Pharmaceuticals, Inc.', 'disintermediate', 4468, '9cab663c-0724-413b-b5d6-e2f386bc0e04', '17431cb0-0af5-4efe-a20f-2d1ba7d8637d');
insert into items (uuid, name, description, price, brand_id, category_id) values ('fc361d3d-21f6-46e0-b052-9fc894fb2dd5', 'Kimco Realty Corporation', 'Multi-tiered', 1385, '02d6f963-11f3-45f4-8d05-86a426f5ba77', '1e74b0da-8d15-43f9-82f5-9f31d92c4c56');
insert into items (uuid, name, description, price, brand_id, category_id) values ('93c8c162-a13c-41d4-8ffc-4fa04cc94379', 'Duke Realty Corporation', '24/7', 9734, '2657a943-73a1-4494-8722-17ee9985b959', '17431cb0-0af5-4efe-a20f-2d1ba7d8637d');
insert into items (uuid, name, description, price, brand_id, category_id) values ('530f90d3-eeb7-4882-a9d1-84fab60b4c1c', 'Ovid Therapeutics Inc.', 'Reverse-engineered', 8032, '16b29f8e-1e1e-40f9-a4f6-9f5a1df5fb56', '633b13a7-c884-486b-ac2a-202f8d566aad');
insert into items (uuid, name, description, price, brand_id, category_id) values ('86b6bca6-5f34-4589-a369-aef1f50b6704', 'The Advisory Board Company', 'tertiary', 7635, '9cab663c-0724-413b-b5d6-e2f386bc0e04', '633b13a7-c884-486b-ac2a-202f8d566aad');
insert into items (uuid, name, description, price, brand_id, category_id) values ('beb3ecba-b395-463d-81f8-3a00c80aca13', 'GGP Inc.', 'fresh-thinking', 9778, '5c7c6957-e12f-4a58-9887-dd81e6ce9d02', '633b13a7-c884-486b-ac2a-202f8d566aad');
insert into items (uuid, name, description, price, brand_id, category_id) values ('028756c5-0411-4961-b09e-97d1451e84a8', 'Tower Semiconductor Ltd.', 'Cross-platform', 9591, '5c7c6957-e12f-4a58-9887-dd81e6ce9d02', '17431cb0-0af5-4efe-a20f-2d1ba7d8637d');
insert into items (uuid, name, description, price, brand_id, category_id) values ('ddb8e159-25a4-4ca2-bc4d-a4a8c9a33437', 'The Charles Schwab Corporation', 'extranet', 6646, 'af16624e-c966-4b32-98fd-2fd2ffa2c9a1', '17431cb0-0af5-4efe-a20f-2d1ba7d8637d');
insert into items (uuid, name, description, price, brand_id, category_id) values ('71b88539-e8e3-4966-8eff-00a17dc0f925', 'Visa Inc.', 'collaboration', 8203, '9cab663c-0724-413b-b5d6-e2f386bc0e04', '1e74b0da-8d15-43f9-82f5-9f31d92c4c56');
insert into items (uuid, name, description, price, brand_id, category_id) values ('80392a48-0320-4785-be3e-f61df50430a1', 'Israel Chemicals Shs', 'website', 886, 'ad89b252-24ad-4c80-9851-b6de28796f2b', '633b13a7-c884-486b-ac2a-202f8d566aad');
insert into items (uuid, name, description, price, brand_id, category_id) values ('52644a55-bbd1-49be-b7f6-bf21ecdaa999', 'Two River Bancorp', 'solution-oriented', 788, '2657a943-73a1-4494-8722-17ee9985b959', '633b13a7-c884-486b-ac2a-202f8d566aad');
insert into items (uuid, name, description, price, brand_id, category_id) values ('623c8ae5-4bbb-4e0f-bf6a-07704c29adb2', 'America Movil, S.A.B. de C.V.', 'Cross-platform', 1901, '16b29f8e-1e1e-40f9-a4f6-9f5a1df5fb56', '633b13a7-c884-486b-ac2a-202f8d566aad');
insert into items (uuid, name, description, price, brand_id, category_id) values ('41cb76fe-3a0f-4636-969a-eb11a115f4d1', 'Zion Oil & Gas Inc', 'modular', 257, '16b29f8e-1e1e-40f9-a4f6-9f5a1df5fb56', '1e74b0da-8d15-43f9-82f5-9f31d92c4c56');
insert into items (uuid, name, description, price, brand_id, category_id) values ('6a3739a8-1c81-4474-99e1-9dce69e28b71', 'Ramco-Gershenson Properties Trust', 'heuristic', 2238, 'af16624e-c966-4b32-98fd-2fd2ffa2c9a1', '633b13a7-c884-486b-ac2a-202f8d566aad');
insert into items (uuid, name, description, price, brand_id, category_id) values ('8c862d78-388f-474c-8731-8ebc8142c03b', 'Black Hills Corporation', 'open architecture', 1438, '2657a943-73a1-4494-8722-17ee9985b959', '1e74b0da-8d15-43f9-82f5-9f31d92c4c56');
insert into items (uuid, name, description, price, brand_id, category_id) values ('c25e42c5-c961-4048-8fa5-3753a0683f81', 'Salem Media Group, Inc.', 'non-volatile', 8140, '2657a943-73a1-4494-8722-17ee9985b959', '17431cb0-0af5-4efe-a20f-2d1ba7d8637d');
insert into items (uuid, name, description, price, brand_id, category_id) values ('53537f93-dc29-4497-b71e-af715f2dfdd4', 'Urstadt Biddle Properties Inc.', 'Expanded', 8969, '2657a943-73a1-4494-8722-17ee9985b959', '633b13a7-c884-486b-ac2a-202f8d566aad');
insert into items (uuid, name, description, price, brand_id, category_id) values ('d4d6dbba-c7ab-4b9d-ab45-9898bcb1c79b', 'Stellar Biotechnologies, Inc.', 'functionalities', 5022, 'ad89b252-24ad-4c80-9851-b6de28796f2b', '633b13a7-c884-486b-ac2a-202f8d566aad');
insert into items (uuid, name, description, price, brand_id, category_id) values ('a8db8f9f-a8e0-4c8a-b427-b7ac04245d42', 'VanEck Vectors Biotech ETF', 'Optimized', 8922, 'ad89b252-24ad-4c80-9851-b6de28796f2b', '17431cb0-0af5-4efe-a20f-2d1ba7d8637d');
insert into items (uuid, name, description, price, brand_id, category_id) values ('b2ddc1c0-f68a-4c58-9042-b6ecb5c9b4e5', 'Lombard Medical, Inc.', 'Decentralized', 6729, '5c7c6957-e12f-4a58-9887-dd81e6ce9d02', '633b13a7-c884-486b-ac2a-202f8d566aad');
insert into items (uuid, name, description, price, brand_id, category_id) values ('d6b9e0d4-9637-4c73-b5ad-222872c28a3f', 'Xylem Inc.', 'User-centric', 3447, '02d6f963-11f3-45f4-8d05-86a426f5ba77', '1e74b0da-8d15-43f9-82f5-9f31d92c4c56');
insert into items (uuid, name, description, price, brand_id, category_id) values ('1d206f12-db28-4254-a741-8ceab79c1660', 'Medley Management Inc.', 'info-mediaries', 6069, '16b29f8e-1e1e-40f9-a4f6-9f5a1df5fb56', '1e74b0da-8d15-43f9-82f5-9f31d92c4c56');
insert into items (uuid, name, description, price, brand_id, category_id) values ('5a1bef9e-d09f-4eed-9b3d-e7bce3449a75', 'LeMaitre Vascular, Inc.', 'Sharable', 214, '16b29f8e-1e1e-40f9-a4f6-9f5a1df5fb56', '1e74b0da-8d15-43f9-82f5-9f31d92c4c56');
insert into items (uuid, name, description, price, brand_id, category_id) values ('b1fad3b2-70d5-43d0-ab07-f02ffb05d848', 'China Biologic Products, Inc.', 'Secured', 5588, '2657a943-73a1-4494-8722-17ee9985b959', '633b13a7-c884-486b-ac2a-202f8d566aad');
insert into items (uuid, name, description, price, brand_id, category_id) values ('fa05e75c-6287-43a1-a4dc-d2870e4e545b', 'Rubicon Technology, Inc.', 'Front-line', 4378, '02d6f963-11f3-45f4-8d05-86a426f5ba77', '1e74b0da-8d15-43f9-82f5-9f31d92c4c56');
insert into items (uuid, name, description, price, brand_id, category_id) values ('0d017b5d-ac87-43ce-9599-fca35598f60f', 'Hugoton Royalty Trust', 'zero tolerance', 3751, '02d6f963-11f3-45f4-8d05-86a426f5ba77', '633b13a7-c884-486b-ac2a-202f8d566aad');
insert into items (uuid, name, description, price, brand_id, category_id) values ('b2957a13-160d-4c26-996c-163aebfdeb1b', 'Cerecor Inc.', 'Stand-alone', 8038, '88be1a1e-1dd7-4d60-89f8-61504cc7e276', '1e74b0da-8d15-43f9-82f5-9f31d92c4c56');
insert into items (uuid, name, description, price, brand_id, category_id) values ('432edafa-5cb7-4de5-a884-9b78d5f7ccc0', 'Unity Bancorp, Inc.', 'help-desk', 3572, 'af16624e-c966-4b32-98fd-2fd2ffa2c9a1', '17431cb0-0af5-4efe-a20f-2d1ba7d8637d');
insert into items (uuid, name, description, price, brand_id, category_id) values ('5acec179-48c5-4d98-84f2-f2ac43fb9bbc', 'MFS Special Value Trust', 'Horizontal', 5941, '88be1a1e-1dd7-4d60-89f8-61504cc7e276', '1e74b0da-8d15-43f9-82f5-9f31d92c4c56');
insert into items (uuid, name, description, price, brand_id, category_id) values ('0fe51571-1830-4578-8993-681351af5e39', 'Macerich Company (The)', 'Multi-channelled', 2292, 'af16624e-c966-4b32-98fd-2fd2ffa2c9a1', '633b13a7-c884-486b-ac2a-202f8d566aad');
insert into items (uuid, name, description, price, brand_id, category_id) values ('054efc98-08a9-4504-be6e-604cb56def7e', 'Stage Stores, Inc.', 'Quality-focused', 2844, 'ad89b252-24ad-4c80-9851-b6de28796f2b', '17431cb0-0af5-4efe-a20f-2d1ba7d8637d');
insert into items (uuid, name, description, price, brand_id, category_id) values ('fbe18b33-b12b-4c0f-a2a7-b9735d056892', 'Huntington Ingalls Industries, Inc.', 'executive', 8335, '2657a943-73a1-4494-8722-17ee9985b959', '1e74b0da-8d15-43f9-82f5-9f31d92c4c56');
insert into items (uuid, name, description, price, brand_id, category_id) values ('807f8a20-6fdd-4424-bd9a-eb5dab29a1c6', 'Westbury Bancorp, Inc.', 'asynchronous', 6144, '02d6f963-11f3-45f4-8d05-86a426f5ba77', '633b13a7-c884-486b-ac2a-202f8d566aad');
insert into items (uuid, name, description, price, brand_id, category_id) values ('037203db-8403-4301-b55f-9472c98c1822', 'Eaton Vance Tax-Advantage Global Dividend Opp', 'time-frame', 3429, '02d6f963-11f3-45f4-8d05-86a426f5ba77', '633b13a7-c884-486b-ac2a-202f8d566aad');
insert into items (uuid, name, description, price, brand_id, category_id) values ('cd48548f-7d2e-4f7b-9b84-12242548955e', 'Wheeler Real Estate Investment Trust, Inc.', 'utilisation', 768, '2657a943-73a1-4494-8722-17ee9985b959', '633b13a7-c884-486b-ac2a-202f8d566aad');
insert into items (uuid, name, description, price, brand_id, category_id) values ('da9137b1-f27b-4cf9-b2ca-3bc693c4d7ed', 'First Trust RiverFront Dynamic Emerging Markets ETF', 'emulation', 5620, 'af16624e-c966-4b32-98fd-2fd2ffa2c9a1', '17431cb0-0af5-4efe-a20f-2d1ba7d8637d');
insert into items (uuid, name, description, price, brand_id, category_id) values ('1cd4cf96-3783-43a9-8f3b-94b77f8788d9', 'Premier, Inc.', 'software', 7424, '9cab663c-0724-413b-b5d6-e2f386bc0e04', '1e74b0da-8d15-43f9-82f5-9f31d92c4c56');
insert into items (uuid, name, description, price, brand_id, category_id) values ('7673ae0e-174d-4f2f-b31d-8dd4741da936', 'Equity Commonwealth', 'client-driven', 4645, '16b29f8e-1e1e-40f9-a4f6-9f5a1df5fb56', '1e74b0da-8d15-43f9-82f5-9f31d92c4c56');
insert into items (uuid, name, description, price, brand_id, category_id) values ('521f7283-2926-45de-ac82-7950cebb1f93', 'MV Oil Trust', 'Cross-platform', 5659, '9cab663c-0724-413b-b5d6-e2f386bc0e04', '17431cb0-0af5-4efe-a20f-2d1ba7d8637d');
insert into items (uuid, name, description, price, brand_id, category_id) values ('88eb17b5-128a-4c2e-8706-3a597c2d2128', 'M I Acquisitions, Inc.', 'strategy', 5070, '88be1a1e-1dd7-4d60-89f8-61504cc7e276', '633b13a7-c884-486b-ac2a-202f8d566aad');
insert into items (uuid, name, description, price, brand_id, category_id) values ('77584069-8293-4aa9-bf0f-d9921f0c9cfb', 'Lexicon Pharmaceuticals, Inc.', 'solution', 7350, 'af16624e-c966-4b32-98fd-2fd2ffa2c9a1', '633b13a7-c884-486b-ac2a-202f8d566aad');
insert into items (uuid, name, description, price, brand_id, category_id) values ('2a8dd49e-8b54-4e12-91a4-8fa7af73e90c', 'LaSalle Hotel Properties', 'encompassing', 9565, 'af16624e-c966-4b32-98fd-2fd2ffa2c9a1', '633b13a7-c884-486b-ac2a-202f8d566aad');
insert into items (uuid, name, description, price, brand_id, category_id) values ('b667643f-0e3c-47a4-a34d-9d88d3161bd5', 'Retail Properties of America, Inc.', 'Multi-channelled', 7436, 'af16624e-c966-4b32-98fd-2fd2ffa2c9a1', '633b13a7-c884-486b-ac2a-202f8d566aad');
insert into items (uuid, name, description, price, brand_id, category_id) values ('202ff865-ad58-41e5-87cd-d323b8098b0e', 'Five Point Holdings, LLC', 'portal', 6260, '02d6f963-11f3-45f4-8d05-86a426f5ba77', '1e74b0da-8d15-43f9-82f5-9f31d92c4c56');
insert into items (uuid, name, description, price, brand_id, category_id) values ('175dcff8-a1e6-48b9-9246-02afdbde1d7b', 'Just Energy Group, Inc.', 'Graphical User Interface', 5364, '2657a943-73a1-4494-8722-17ee9985b959', '633b13a7-c884-486b-ac2a-202f8d566aad');
insert into items (uuid, name, description, price, brand_id, category_id) values ('754dbedb-9d35-4050-a2e5-fbaa12409e0b', 'Liberty All-Star Growth Fund, Inc.', 'adapter', 3971, '88be1a1e-1dd7-4d60-89f8-61504cc7e276', '17431cb0-0af5-4efe-a20f-2d1ba7d8637d');
insert into items (uuid, name, description, price, brand_id, category_id) values ('fec0ca3f-ead6-4f1d-b1e6-894db4684374', 'Leggett & Platt, Incorporated', 'Public-key', 5215, '16b29f8e-1e1e-40f9-a4f6-9f5a1df5fb56', '17431cb0-0af5-4efe-a20f-2d1ba7d8637d');
insert into items (uuid, name, description, price, brand_id, category_id) values ('151d3880-ec77-4db5-94bc-ea122a8e6eba', 'Community Trust Bancorp, Inc.', 'product', 3721, '5c7c6957-e12f-4a58-9887-dd81e6ce9d02', '17431cb0-0af5-4efe-a20f-2d1ba7d8637d');
insert into items (uuid, name, description, price, brand_id, category_id) values ('85706e99-1142-4cdc-98b1-9d85dd2e4f64', 'Equity Lifestyle Properties, Inc.', 'non-volatile', 6432, '02d6f963-11f3-45f4-8d05-86a426f5ba77', '17431cb0-0af5-4efe-a20f-2d1ba7d8637d');
insert into items (uuid, name, description, price, brand_id, category_id) values ('e328a6cd-4d18-4b30-b9f1-2a1e166fc0b5', 'American Woodmark Corporation', 'strategy', 8040, '9cab663c-0724-413b-b5d6-e2f386bc0e04', '1e74b0da-8d15-43f9-82f5-9f31d92c4c56');
insert into items (uuid, name, description, price, brand_id, category_id) values ('8701b54e-52e1-43d6-9635-e21ab3874e60', 'CBRE Group, Inc.', 'hybrid', 5258, 'af16624e-c966-4b32-98fd-2fd2ffa2c9a1', '1e74b0da-8d15-43f9-82f5-9f31d92c4c56');
insert into items (uuid, name, description, price, brand_id, category_id) values ('5f4c7f77-9934-4f28-88b2-f397f661f554', 'Momo Inc.', 'systemic', 5796, 'ad89b252-24ad-4c80-9851-b6de28796f2b', '1e74b0da-8d15-43f9-82f5-9f31d92c4c56');
insert into items (uuid, name, description, price, brand_id, category_id) values ('70d0dd34-edf4-4965-b5b0-496efeb38946', 'Landcadia Holdings, Inc.', 'transitional', 8018, '9cab663c-0724-413b-b5d6-e2f386bc0e04', '1e74b0da-8d15-43f9-82f5-9f31d92c4c56');
insert into items (uuid, name, description, price, brand_id, category_id) values ('f75a7815-9bd1-41a7-993a-fba78ac59032', 'Cohen & Steers Quality Income Realty Fund Inc', 'Optional', 8848, '88be1a1e-1dd7-4d60-89f8-61504cc7e276', '17431cb0-0af5-4efe-a20f-2d1ba7d8637d');
insert into items (uuid, name, description, price, brand_id, category_id) values ('6bead0de-13f3-4df6-a16b-d68df90d9729', 'iShares MSCI EAFE ESG Optimized ETF', 'Programmable', 6220, '16b29f8e-1e1e-40f9-a4f6-9f5a1df5fb56', '633b13a7-c884-486b-ac2a-202f8d566aad');
insert into items (uuid, name, description, price, brand_id, category_id) values ('49c96222-7315-4595-aa84-92ab6da00539', 'Canadian National Railway Company', 'object-oriented', 9311, '02d6f963-11f3-45f4-8d05-86a426f5ba77', '1e74b0da-8d15-43f9-82f5-9f31d92c4c56');
insert into items (uuid, name, description, price, brand_id, category_id) values ('ee5a32d4-a1cd-42a3-9024-eb54b1987505', 'Paychex, Inc.', 'leading edge', 8008, 'ad89b252-24ad-4c80-9851-b6de28796f2b', '1e74b0da-8d15-43f9-82f5-9f31d92c4c56');
insert into items (uuid, name, description, price, brand_id, category_id) values ('e3b08e8b-0673-4cf8-927f-655a088a9481', 'Group 1 Automotive, Inc.', 'content-based', 4065, '9cab663c-0724-413b-b5d6-e2f386bc0e04', '633b13a7-c884-486b-ac2a-202f8d566aad');
insert into items (uuid, name, description, price, brand_id, category_id) values ('daf5bd24-2272-43de-a800-db3dac4b0de8', 'Salient Midstream & MLP Fund', 'Switchable', 5266, 'ad89b252-24ad-4c80-9851-b6de28796f2b', '17431cb0-0af5-4efe-a20f-2d1ba7d8637d');
insert into items (uuid, name, description, price, brand_id, category_id) values ('c007c622-cfb3-46f7-8879-d3d47fcd0dd4', 'Bridgeline Digital, Inc.', 'Centralized', 1703, '5c7c6957-e12f-4a58-9887-dd81e6ce9d02', '17431cb0-0af5-4efe-a20f-2d1ba7d8637d');
insert into items (uuid, name, description, price, brand_id, category_id) values ('360dadfc-cad4-41b5-9bcc-f02e3bb07418', 'Commvault Systems, Inc.', 'capability', 3427, 'ad89b252-24ad-4c80-9851-b6de28796f2b', '1e74b0da-8d15-43f9-82f5-9f31d92c4c56');
insert into items (uuid, name, description, price, brand_id, category_id) values ('5aea194e-c9f6-4079-a179-e2d9a8116977', 'Fluor Corporation', 'Triple-buffered', 2003, '02d6f963-11f3-45f4-8d05-86a426f5ba77', '633b13a7-c884-486b-ac2a-202f8d566aad');
insert into items (uuid, name, description, price, brand_id, category_id) values ('dcf417aa-fbf2-47f9-8e32-4293e1a4978f', 'Dillard''s, Inc.', 'next generation', 9665, '2657a943-73a1-4494-8722-17ee9985b959', '633b13a7-c884-486b-ac2a-202f8d566aad');
insert into items (uuid, name, description, price, brand_id, category_id) values ('6ca96ffb-df30-44fe-af21-e12e37513552', 'Mylan N.V.', 'time-frame', 6810, '88be1a1e-1dd7-4d60-89f8-61504cc7e276', '633b13a7-c884-486b-ac2a-202f8d566aad');
insert into items (uuid, name, description, price, brand_id, category_id) values ('f46a7105-9738-4c2b-8dbb-e6db2e7bc2d0', 'PrivateBancorp, Inc.', 'User-centric', 8517, '5c7c6957-e12f-4a58-9887-dd81e6ce9d02', '1e74b0da-8d15-43f9-82f5-9f31d92c4c56');
insert into items (uuid, name, description, price, brand_id, category_id) values ('d33bb275-f1f9-4f61-9561-f8e4211899c3', 'Medley Capital Corporation', 'clear-thinking', 9587, 'af16624e-c966-4b32-98fd-2fd2ffa2c9a1', '633b13a7-c884-486b-ac2a-202f8d566aad');
insert into items (uuid, name, description, price, brand_id, category_id) values ('8aafe425-bca2-4d4f-85ab-99cefff59c8f', 'EOG Resources, Inc.', 'interactive', 9825, '88be1a1e-1dd7-4d60-89f8-61504cc7e276', '1e74b0da-8d15-43f9-82f5-9f31d92c4c56');
insert into items (uuid, name, description, price, brand_id, category_id) values ('d841c2e7-881c-4464-81f9-cbbb8fcaeb80', 'Stellar Acquisition III Inc.', 'Diverse', 4966, 'af16624e-c966-4b32-98fd-2fd2ffa2c9a1', '17431cb0-0af5-4efe-a20f-2d1ba7d8637d');
insert into items (uuid, name, description, price, brand_id, category_id) values ('9f7d7fa1-51fe-4f5d-ad10-e7a24ff00067', 'TCF Financial Corporation', 'Triple-buffered', 589, '02d6f963-11f3-45f4-8d05-86a426f5ba77', '633b13a7-c884-486b-ac2a-202f8d566aad');
insert into items (uuid, name, description, price, brand_id, category_id) values ('17b6db0f-31d5-437f-9740-ceddbe601f32', 'Appian Corporation', 'access', 6938, '16b29f8e-1e1e-40f9-a4f6-9f5a1df5fb56', '17431cb0-0af5-4efe-a20f-2d1ba7d8637d');
insert into items (uuid, name, description, price, brand_id, category_id) values ('7795bfbb-2986-464d-bcd9-eb0bdf08ff28', 'PVH Corp.', 'Inverse', 6617, '88be1a1e-1dd7-4d60-89f8-61504cc7e276', '17431cb0-0af5-4efe-a20f-2d1ba7d8637d');
insert into items (uuid, name, description, price, brand_id, category_id) values ('1fe1451c-5ade-4bcf-aa1c-2884fb17821e', 'Planet Payment, Inc.', 'incremental', 917, '88be1a1e-1dd7-4d60-89f8-61504cc7e276', '1e74b0da-8d15-43f9-82f5-9f31d92c4c56');
insert into items (uuid, name, description, price, brand_id, category_id) values ('5f2ac805-a25c-4caa-8775-bbdcbe586785', 'Diamond Offshore Drilling, Inc.', 'installation', 5916, '16b29f8e-1e1e-40f9-a4f6-9f5a1df5fb56', '1e74b0da-8d15-43f9-82f5-9f31d92c4c56');
insert into items (uuid, name, description, price, brand_id, category_id) values ('554469da-caa1-47f8-9266-02ac70816d99', 'Infinity Property and Casualty Corporation', 'exuding', 1822, '02d6f963-11f3-45f4-8d05-86a426f5ba77', '633b13a7-c884-486b-ac2a-202f8d566aad');
insert into items (uuid, name, description, price, brand_id, category_id) values ('9498da93-df01-46ec-88f0-4d8366ccbd36', 'Matador Resources Company', 'User-friendly', 4804, 'af16624e-c966-4b32-98fd-2fd2ffa2c9a1', '1e74b0da-8d15-43f9-82f5-9f31d92c4c56');
insert into items (uuid, name, description, price, brand_id, category_id) values ('262b0bfd-1966-428f-8a35-f6a102d0094e', 'Tyson Foods, Inc.', 'Ergonomic', 6450, 'ad89b252-24ad-4c80-9851-b6de28796f2b', '633b13a7-c884-486b-ac2a-202f8d566aad');
insert into items (uuid, name, description, price, brand_id, category_id) values ('080617c1-e2f9-42b8-b9bd-b5a90783162b', 'BJ''s Restaurants, Inc.', 'software', 6554, 'af16624e-c966-4b32-98fd-2fd2ffa2c9a1', '17431cb0-0af5-4efe-a20f-2d1ba7d8637d');
insert into items (uuid, name, description, price, brand_id, category_id) values ('eb2282f7-3474-4da3-80ca-6d27df5e5dea', 'Opexa Therapeutics, Inc.1', 'extranet', 3079, '5c7c6957-e12f-4a58-9887-dd81e6ce9d02', '1e74b0da-8d15-43f9-82f5-9f31d92c4c56');
insert into items (uuid, name, description, price, brand_id, category_id) values ('2ab67cbc-1d3b-4c94-9ec4-f07365e5938c', 'Smith (A.O.) Corporation', 'Profit-focused', 4064, 'af16624e-c966-4b32-98fd-2fd2ffa2c9a1', '1e74b0da-8d15-43f9-82f5-9f31d92c4c56');
insert into items (uuid, name, description, price, brand_id, category_id) values ('ee835018-b0b9-4bf7-9bcb-ad851624c502', 'Overseas Shipholding Group, Inc.', 'data-warehouse', 6482, 'ad89b252-24ad-4c80-9851-b6de28796f2b', '1e74b0da-8d15-43f9-82f5-9f31d92c4c56');
insert into items (uuid, name, description, price, brand_id, category_id) values ('a4802928-0004-4334-982f-528347163128', 'Corvus Pharmaceuticals, Inc.', 'Triple-buffered', 5002, 'af16624e-c966-4b32-98fd-2fd2ffa2c9a1', '633b13a7-c884-486b-ac2a-202f8d566aad');
insert into items (uuid, name, description, price, brand_id, category_id) values ('60626475-23c8-4c0c-9418-a33476f0a870', 'ENDRA Life Sciences Inc.', 'demand-driven', 1694, '9cab663c-0724-413b-b5d6-e2f386bc0e04', '17431cb0-0af5-4efe-a20f-2d1ba7d8637d');
insert into items (uuid, name, description, price, brand_id, category_id) values ('926cc008-69b1-455f-8826-fd0f59371d33', 'Hannon Armstrong Sustainable Infrastructure Capital, Inc.', 'Adaptive', 9774, 'ad89b252-24ad-4c80-9851-b6de28796f2b', '1e74b0da-8d15-43f9-82f5-9f31d92c4c56');
insert into items (uuid, name, description, price, brand_id, category_id) values ('d7749864-3fb0-4678-a354-f24d987b2ad0', 'iPass Inc.', 'Persistent', 6192, '02d6f963-11f3-45f4-8d05-86a426f5ba77', '1e74b0da-8d15-43f9-82f5-9f31d92c4c56');
insert into items (uuid, name, description, price, brand_id, category_id) values ('c4dce87c-93bd-4ae6-823a-f3976310b270', 'Davis Select Worldwide ETF', 'zero administration', 4316, '5c7c6957-e12f-4a58-9887-dd81e6ce9d02', '633b13a7-c884-486b-ac2a-202f8d566aad');
insert into items (uuid, name, description, price, brand_id, category_id) values ('9e462259-28b1-4ce9-b755-152a9a62b005', 'American Axle & Manufacturing Holdings, Inc.', 'encryption', 5538, '88be1a1e-1dd7-4d60-89f8-61504cc7e276', '1e74b0da-8d15-43f9-82f5-9f31d92c4c56');
insert into items (uuid, name, description, price, brand_id, category_id) values ('4c962c1a-1d9c-4577-b07f-5e38dc634d23', 'Magal Security Systems Ltd.', 'mission-critical', 4343, '88be1a1e-1dd7-4d60-89f8-61504cc7e276', '633b13a7-c884-486b-ac2a-202f8d566aad');
insert into items (uuid, name, description, price, brand_id, category_id) values ('a547a681-4e2f-4e05-aa4f-dec76f200623', 'Otonomy, Inc.', 'Decentralized', 5369, '16b29f8e-1e1e-40f9-a4f6-9f5a1df5fb56', '17431cb0-0af5-4efe-a20f-2d1ba7d8637d');
insert into items (uuid, name, description, price, brand_id, category_id) values ('5a44f62c-41fd-49b7-b40b-7af04643cac7', 'Capitala Finance Corp.', 'client-driven', 8468, '5c7c6957-e12f-4a58-9887-dd81e6ce9d02', '1e74b0da-8d15-43f9-82f5-9f31d92c4c56');
insert into items (uuid, name, description, price, brand_id, category_id) values ('26103db2-8201-41b3-9995-ba164371f2e1', 'Attunity Ltd.', 'exuding', 2900, '02d6f963-11f3-45f4-8d05-86a426f5ba77', '17431cb0-0af5-4efe-a20f-2d1ba7d8637d');
insert into items (uuid, name, description, price, brand_id, category_id) values ('c4379c1a-3548-4fff-a50a-13a88f75e088', 'Sarepta Therapeutics, Inc.', 'productivity', 7730, '2657a943-73a1-4494-8722-17ee9985b959', '1e74b0da-8d15-43f9-82f5-9f31d92c4c56');
insert into items (uuid, name, description, price, brand_id, category_id) values ('6a7f568d-9f27-4617-b4ac-3352c9ac5091', 'Avenue Therapeutics, Inc.', 'support', 2896, '02d6f963-11f3-45f4-8d05-86a426f5ba77', '17431cb0-0af5-4efe-a20f-2d1ba7d8637d');
insert into items (uuid, name, description, price, brand_id, category_id) values ('01e48228-060b-4a87-b56b-82e64832a3a1', 'Signet Jewelers Limited', 'value-added', 5190, '5c7c6957-e12f-4a58-9887-dd81e6ce9d02', '1e74b0da-8d15-43f9-82f5-9f31d92c4c56');
insert into items (uuid, name, description, price, brand_id, category_id) values ('ef2bda42-adcf-4f1c-ac0a-6efb5410f756', 'Entergy New Orleans, Inc.', 'Extended', 6818, '16b29f8e-1e1e-40f9-a4f6-9f5a1df5fb56', '633b13a7-c884-486b-ac2a-202f8d566aad');
insert into items (uuid, name, description, price, brand_id, category_id) values ('45de2d18-a5e3-493e-b3c8-16617dc69ac1', 'Advent/Claymore Enhanced Growth & Income Fund', 'upward-trending', 9098, '88be1a1e-1dd7-4d60-89f8-61504cc7e276', '633b13a7-c884-486b-ac2a-202f8d566aad');
insert into items (uuid, name, description, price, brand_id, category_id) values ('142f8583-c17f-4c36-be89-72aa51b4beaf', 'Array BioPharma Inc.', 'emulation', 5884, '9cab663c-0724-413b-b5d6-e2f386bc0e04', '633b13a7-c884-486b-ac2a-202f8d566aad');
insert into items (uuid, name, description, price, brand_id, category_id) values ('7430fb19-176a-489a-bb19-7c2ae8bb91b6', 'UMH Properties, Inc.', 'Configurable', 1504, '88be1a1e-1dd7-4d60-89f8-61504cc7e276', '1e74b0da-8d15-43f9-82f5-9f31d92c4c56');
insert into items (uuid, name, description, price, brand_id, category_id) values ('a7666e11-fab9-4baf-97f7-9f48b9d1285a', 'RigNet, Inc.', 'Automated', 6220, '5c7c6957-e12f-4a58-9887-dd81e6ce9d02', '633b13a7-c884-486b-ac2a-202f8d566aad');
insert into items (uuid, name, description, price, brand_id, category_id) values ('4b158e24-a22f-476f-8407-2d9645eeba81', 'Microsoft Corporation', 'attitude-oriented', 2130, '5c7c6957-e12f-4a58-9887-dd81e6ce9d02', '1e74b0da-8d15-43f9-82f5-9f31d92c4c56');
insert into items (uuid, name, description, price, brand_id, category_id) values ('1e226003-0516-4627-92a0-b816559e9f74', 'Gabelli Dividend', 'Customer-focused', 124, 'ad89b252-24ad-4c80-9851-b6de28796f2b', '17431cb0-0af5-4efe-a20f-2d1ba7d8637d');
insert into items (uuid, name, description, price, brand_id, category_id) values ('2ff09ef1-1465-4ba1-8c1e-fd1025ace6fe', 'Southwestern Energy Company', 'client-driven', 8638, '16b29f8e-1e1e-40f9-a4f6-9f5a1df5fb56', '633b13a7-c884-486b-ac2a-202f8d566aad');
insert into items (uuid, name, description, price, brand_id, category_id) values ('e11846d6-b931-4d40-ad0e-f7f26a825aae', 'People''s United Financial, Inc.', 'synergy', 3915, '9cab663c-0724-413b-b5d6-e2f386bc0e04', '17431cb0-0af5-4efe-a20f-2d1ba7d8637d');
insert into items (uuid, name, description, price, brand_id, category_id) values ('25e1aab9-f920-4d9b-a3e9-36ca43124ff6', 'Utah Medical Products, Inc.', 'Public-key', 7179, '88be1a1e-1dd7-4d60-89f8-61504cc7e276', '1e74b0da-8d15-43f9-82f5-9f31d92c4c56');
insert into items (uuid, name, description, price, brand_id, category_id) values ('5cf9ac30-a062-4745-9c86-a45da84e3b1a', 'Barnes Group, Inc.', 'architecture', 8971, '16b29f8e-1e1e-40f9-a4f6-9f5a1df5fb56', '1e74b0da-8d15-43f9-82f5-9f31d92c4c56');
insert into items (uuid, name, description, price, brand_id, category_id) values ('4a07c588-2063-46bb-a72f-0bdc2cec45e9', 'Red Hat, Inc.', 'Graphic Interface', 1005, '9cab663c-0724-413b-b5d6-e2f386bc0e04', '17431cb0-0af5-4efe-a20f-2d1ba7d8637d');
insert into items (uuid, name, description, price, brand_id, category_id) values ('34583d0a-4af2-44e6-bd35-63c3eaaca23f', 'Lennar Corporation', 'Grass-roots', 6592, '88be1a1e-1dd7-4d60-89f8-61504cc7e276', '17431cb0-0af5-4efe-a20f-2d1ba7d8637d');
insert into items (uuid, name, description, price, brand_id, category_id) values ('f2abb657-bc2a-4eaf-bb88-6fab8383897b', 'Wayside Technology Group, Inc.', 'Streamlined', 5455, 'ad89b252-24ad-4c80-9851-b6de28796f2b', '1e74b0da-8d15-43f9-82f5-9f31d92c4c56');
insert into items (uuid, name, description, price, brand_id, category_id) values ('ea33e7c2-05ed-422e-85db-d5b5867f5a58', 'First Trust Capital Strength ETF', 'local', 8095, '02d6f963-11f3-45f4-8d05-86a426f5ba77', '633b13a7-c884-486b-ac2a-202f8d566aad');
insert into items (uuid, name, description, price, brand_id, category_id) values ('c92030ed-c34d-4024-a685-dc50e9fc371c', 'Torchmark Corporation', 'grid-enabled', 9245, '2657a943-73a1-4494-8722-17ee9985b959', '17431cb0-0af5-4efe-a20f-2d1ba7d8637d');
insert into items (uuid, name, description, price, brand_id, category_id) values ('3f1d6800-2283-4beb-92b8-534589ac6675', 'PRA Group, Inc.', 'neural-net', 3752, '88be1a1e-1dd7-4d60-89f8-61504cc7e276', '17431cb0-0af5-4efe-a20f-2d1ba7d8637d');
insert into items (uuid, name, description, price, brand_id, category_id) values ('daab6029-d3b6-4d8c-abbb-798ecf858bfc', 'Aurinia Pharmaceuticals Inc', 'capacity', 8533, '9cab663c-0724-413b-b5d6-e2f386bc0e04', '633b13a7-c884-486b-ac2a-202f8d566aad');
insert into items (uuid, name, description, price, brand_id, category_id) values ('33b36555-7a0e-4727-b11f-4c275f9d44ff', 'Red Rock Resorts, Inc.', 'emulation', 7262, '9cab663c-0724-413b-b5d6-e2f386bc0e04', '17431cb0-0af5-4efe-a20f-2d1ba7d8637d');
insert into items (uuid, name, description, price, brand_id, category_id) values ('bf555085-e158-47f2-acd7-1e95072f3623', 'First Trust RiverFront Dynamic Emerging Markets ETF1', 'Synchronised', 2545, 'ad89b252-24ad-4c80-9851-b6de28796f2b', '17431cb0-0af5-4efe-a20f-2d1ba7d8637d');
insert into items (uuid, name, description, price, brand_id, category_id) values ('77683e5d-cca5-4728-bd27-2a3228a7825f', 'Select Asset Inc.', 'Assimilated', 6529, 'ad89b252-24ad-4c80-9851-b6de28796f2b', '17431cb0-0af5-4efe-a20f-2d1ba7d8637d');
insert into items (uuid, name, description, price, brand_id, category_id) values ('fc4ad960-03c7-407f-a341-fb9c2340c0ae', 'Tanger Factory Outlet Centers, Inc.', 'uniform', 7174, 'af16624e-c966-4b32-98fd-2fd2ffa2c9a1', '17431cb0-0af5-4efe-a20f-2d1ba7d8637d');
insert into items (uuid, name, description, price, brand_id, category_id) values ('79493c57-b274-4c26-b3c7-3377439e4e9c', 'Mackinac Financial Corporation', 'mission-critical', 3717, '2657a943-73a1-4494-8722-17ee9985b959', '633b13a7-c884-486b-ac2a-202f8d566aad');
insert into items (uuid, name, description, price, brand_id, category_id) values ('2b8a03ff-9406-482b-8037-815f331664d0', 'UMH Properties, Inc.1', 'Centralized', 928, 'ad89b252-24ad-4c80-9851-b6de28796f2b', '633b13a7-c884-486b-ac2a-202f8d566aad');
insert into items (uuid, name, description, price, brand_id, category_id) values ('6e4812e2-9474-4c24-972e-eb04eeb95a81', 'Teledyne Technologies Incorporated', 'help-desk', 3105, 'ad89b252-24ad-4c80-9851-b6de28796f2b', '633b13a7-c884-486b-ac2a-202f8d566aad');
insert into items (uuid, name, description, price, brand_id, category_id) values ('356e566e-f38d-46a2-aa1a-9ea30b97f439', 'Sealed Air Corporation', 'migration', 8056, '16b29f8e-1e1e-40f9-a4f6-9f5a1df5fb56', '633b13a7-c884-486b-ac2a-202f8d566aad');
insert into items (uuid, name, description, price, brand_id, category_id) values ('bad172cf-e515-4f2c-8baa-63c4df5002ef', 'Sonic Foundry, Inc.', '24/7', 6803, '9cab663c-0724-413b-b5d6-e2f386bc0e04', '17431cb0-0af5-4efe-a20f-2d1ba7d8637d');
insert into items (uuid, name, description, price, brand_id, category_id) values ('d527d1dd-9217-46e3-b7b9-2d87859eaf58', 'Biocept, Inc.', 'fresh-thinking', 1504, 'af16624e-c966-4b32-98fd-2fd2ffa2c9a1', '17431cb0-0af5-4efe-a20f-2d1ba7d8637d');
insert into items (uuid, name, description, price, brand_id, category_id) values ('44333d58-62e7-43ff-9896-82603f0ea5f6', 'Vistra Energy Corp.', 'Focused', 5957, '5c7c6957-e12f-4a58-9887-dd81e6ce9d02', '1e74b0da-8d15-43f9-82f5-9f31d92c4c56');
insert into items (uuid, name, description, price, brand_id, category_id) values ('63fbdae1-ab9f-49c4-9004-7aea6151b263', 'EQT GP Holdings, LP', 'matrix', 3110, 'af16624e-c966-4b32-98fd-2fd2ffa2c9a1', '1e74b0da-8d15-43f9-82f5-9f31d92c4c56');
insert into items (uuid, name, description, price, brand_id, category_id) values ('44f34897-a32e-4021-b2ec-6172a8136883', 'Cytori Therapeutics Inc', 'Virtual', 6979, 'ad89b252-24ad-4c80-9851-b6de28796f2b', '1e74b0da-8d15-43f9-82f5-9f31d92c4c56');
insert into items (uuid, name, description, price, brand_id, category_id) values ('3faa8415-7aaa-4a5d-8931-3ca836733153', 'Georgia Power Company', 'archive', 5515, '88be1a1e-1dd7-4d60-89f8-61504cc7e276', '17431cb0-0af5-4efe-a20f-2d1ba7d8637d');
insert into items (uuid, name, description, price, brand_id, category_id) values ('731a105c-fdac-487e-981d-e3bd5f65f6c1', 'John Hancock Income Securities Trust', 'complexity', 7277, '2657a943-73a1-4494-8722-17ee9985b959', '1e74b0da-8d15-43f9-82f5-9f31d92c4c56');
insert into items (uuid, name, description, price, brand_id, category_id) values ('50675f7b-c778-4aeb-b398-de41afb01645', 'Quad Graphics, Inc', 'eco-centric', 2570, '5c7c6957-e12f-4a58-9887-dd81e6ce9d02', '1e74b0da-8d15-43f9-82f5-9f31d92c4c56');
insert into items (uuid, name, description, price, brand_id, category_id) values ('9cdd44db-d43c-4c28-95c5-409145b97de7', 'LINE Corporation', 'optimal', 3823, 'af16624e-c966-4b32-98fd-2fd2ffa2c9a1', '1e74b0da-8d15-43f9-82f5-9f31d92c4c56');
insert into items (uuid, name, description, price, brand_id, category_id) values ('c14d1a7d-582d-4dd9-ad43-921ef93cfcb8', 'Peoples Financial Corporation', 'optimizing', 2833, '88be1a1e-1dd7-4d60-89f8-61504cc7e276', '1e74b0da-8d15-43f9-82f5-9f31d92c4c56');
insert into items (uuid, name, description, price, brand_id, category_id) values ('8228a553-6476-4066-b9aa-6918fe7a0d25', 'American Eagle Outfitters, Inc.', 'Intuitive', 4158, '9cab663c-0724-413b-b5d6-e2f386bc0e04', '17431cb0-0af5-4efe-a20f-2d1ba7d8637d');
insert into items (uuid, name, description, price, brand_id, category_id) values ('d52119b8-60cc-4256-bb73-4ad454452a1d', 'Fang Holdings Limited', 'Optimized', 8071, '9cab663c-0724-413b-b5d6-e2f386bc0e04', '1e74b0da-8d15-43f9-82f5-9f31d92c4c56');
insert into items (uuid, name, description, price, brand_id, category_id) values ('aa094a51-60f1-4d89-ada2-ac520c269d4b', 'Capitol Federal Financial, Inc.', 'hardware', 1068, '16b29f8e-1e1e-40f9-a4f6-9f5a1df5fb56', '633b13a7-c884-486b-ac2a-202f8d566aad');
insert into items (uuid, name, description, price, brand_id, category_id) values ('0325249f-afd5-4eec-a1c4-5700e6f42f92', 'Ryder System, Inc.', 'flexibility', 2419, '16b29f8e-1e1e-40f9-a4f6-9f5a1df5fb56', '633b13a7-c884-486b-ac2a-202f8d566aad');
insert into items (uuid, name, description, price, brand_id, category_id) values ('160c2b86-7240-4d7e-8914-670f8b9b9128', 'ASA Gold and Precious Metals Limited', 'software', 5677, 'af16624e-c966-4b32-98fd-2fd2ffa2c9a1', '17431cb0-0af5-4efe-a20f-2d1ba7d8637d');
insert into items (uuid, name, description, price, brand_id, category_id) values ('de25b061-e710-4d3c-baf6-f5d27a5e24d4', 'Varex Imaging Corporation', 'Graphical User Interface', 6763, 'ad89b252-24ad-4c80-9851-b6de28796f2b', '1e74b0da-8d15-43f9-82f5-9f31d92c4c56');
insert into items (uuid, name, description, price, brand_id, category_id) values ('2a13c3b7-105d-4e6e-9761-0064e5bf280b', 'Gladstone Capital Corporation', 'analyzer', 9525, 'af16624e-c966-4b32-98fd-2fd2ffa2c9a1', '1e74b0da-8d15-43f9-82f5-9f31d92c4c56');
insert into items (uuid, name, description, price, brand_id, category_id) values ('b7f63f7d-fafa-48d3-be26-6c67757387da', 'Western Asset High Yield Defined Opportunity Fund Inc.', 'Future-proofed', 7784, '9cab663c-0724-413b-b5d6-e2f386bc0e04', '633b13a7-c884-486b-ac2a-202f8d566aad');
insert into items (uuid, name, description, price, brand_id, category_id) values ('c31399e0-80b0-4d74-9acb-4ac2a63d50bc', 'Wright Medical Group N.V.', 'local', 9493, '16b29f8e-1e1e-40f9-a4f6-9f5a1df5fb56', '633b13a7-c884-486b-ac2a-202f8d566aad');
insert into items (uuid, name, description, price, brand_id, category_id) values ('390bd454-d42e-4507-94c8-fff1c02767fd', 'Atlantic Alliance Partnership Corp.', 'demand-driven', 1416, '88be1a1e-1dd7-4d60-89f8-61504cc7e276', '17431cb0-0af5-4efe-a20f-2d1ba7d8637d');
insert into items (uuid, name, description, price, brand_id, category_id) values ('2dc7a6b9-b157-4269-828e-4232a712e78e', 'Penske Automotive Group, Inc.', 'logistical', 253, 'ad89b252-24ad-4c80-9851-b6de28796f2b', '633b13a7-c884-486b-ac2a-202f8d566aad');
insert into items (uuid, name, description, price, brand_id, category_id) values ('e3e08649-0300-4329-9dee-71962dd218ab', 'Merus Labs International Inc.', 'Enterprise-wide', 2113, '5c7c6957-e12f-4a58-9887-dd81e6ce9d02', '1e74b0da-8d15-43f9-82f5-9f31d92c4c56');
insert into items (uuid, name, description, price, brand_id, category_id) values ('d655abd9-5937-48ef-975e-5984d9990984', 'Israel Chemicals Shs1', 'application', 2696, 'af16624e-c966-4b32-98fd-2fd2ffa2c9a1', '633b13a7-c884-486b-ac2a-202f8d566aad');
insert into items (uuid, name, description, price, brand_id, category_id) values ('423f7693-0200-46bb-8eb5-6530775fb043', 'CommerceHub, Inc.', 'contextually-based', 9694, '5c7c6957-e12f-4a58-9887-dd81e6ce9d02', '17431cb0-0af5-4efe-a20f-2d1ba7d8637d');